_id,first_name,last_name,email,gender,country,payment_card,card_type,total_price
1,Frannie,Payn,fpayn0@irs.gov,Female,China,false,jcb,"€8064,45"
2,Hatti,Greves,hgreves1@patch.com,Female,Bosnia and Herzegovina,true,jcb,"€5003,15"
3,Ronnica,Featherstonhaugh,rfeatherstonhaugh2@adobe.com,Non-binary,China,true,visa-electron,"€3264,26"
4,Carlota,Selly,cselly3@acquirethisname.com,Female,Philippines,true,jcb,"€8769,55"
5,Adolphe,Asbury,aasbury4@dagondesign.com,Male,South Korea,false,laser,"€2508,13"
6,Mal,Keir,mkeir5@google.com.hk,Male,Denmark,true,jcb,"€6314,79"
7,Delinda,Pratley,dpratley6@usa.gov,Female,China,false,jcb,"€6409,67"
8,Hilarius,Slisby,hslisby7@nymag.com,Male,Tanzania,true,jcb,"€8671,52"
9,Charla,Vicarey,cvicarey8@blogspot.com,Female,Greece,false,maestro,"€4785,06"
10,Reagen,Tye,rtye9@wordpress.org,Male,China,false,jcb,"€3463,80"
11,Deanna,Babe,dbabea@twitpic.com,Female,Nigeria,true,jcb,"€2917,61"
12,Tillie,Scraney,tscraneyb@miitbeian.gov.cn,Female,China,false,jcb,"€4728,26"
13,Cinnamon,Riggey,criggeyc@alibaba.com,Female,Philippines,false,jcb,"€2987,08"
14,Orrin,Rappaport,orappaportd@example.com,Male,Canada,false,americanexpress,"€8429,23"
15,Vaughn,Asee,vaseee@google.co.jp,Male,Indonesia,true,jcb,"€4963,00"
16,Emmery,Divisek,edivisekf@bloomberg.com,Male,Philippines,false,americanexpress,"€5404,46"
17,Arnoldo,Mion,amiong@bigcartel.com,Male,Malaysia,true,china-unionpay,"€9768,59"
18,Chadd,De Roeck,cderoeckh@example.com,Male,China,true,jcb,"€2713,35"
19,Zebulen,Mandell,zmandelli@oaic.gov.au,Male,Kenya,true,diners-club-carte-blanche,"€3883,77"
20,Myrilla,Ankrett,mankrettj@altervista.org,Female,Croatia,true,jcb,"€2499,77"
21,Lillian,Silvers,lsilversk@google.de,Female,China,true,diners-club-international,"€7122,00"
22,Lloyd,Cundey,lcundeyl@mail.ru,Male,Portugal,false,maestro,"€2316,52"
23,Yalonda,Isley,yisleym@fotki.com,Female,China,false,jcb,"€4727,94"
24,Nydia,Revell,nrevelln@instagram.com,Female,China,true,laser,"€8071,46"
25,Hanni,Points,hpointso@princeton.edu,Female,Brazil,false,china-unionpay,"€2715,89"
26,Salvidor,Capelow,scapelowp@mlb.com,Male,China,true,china-unionpay,"€2627,24"
27,Winnie,Donaway,wdonawayq@multiply.com,Female,Indonesia,true,jcb,"€4237,41"
28,Kissee,Tassell,ktassellr@google.com.hk,Female,Egypt,false,laser,"€8638,03"
29,Nestor,Polle,npolles@wunderground.com,Male,Thailand,false,jcb,"€8279,65"
30,Pooh,Herculson,pherculsont@free.fr,Female,Russia,true,jcb,"€2388,23"
31,Ber,Wrangle,bwrangleu@deliciousdays.com,Male,China,false,jcb,"€6130,02"
32,Nickolai,Poley,npoleyv@economist.com,Male,Honduras,true,jcb,"€3951,57"
33,Jerome,Bernhard,jbernhardw@reddit.com,Male,North Korea,false,jcb,"€3283,36"
34,Niccolo,Grove,ngrovex@moonfruit.com,Male,China,true,switch,"€3152,10"
35,Khalil,Jentin,kjentiny@addtoany.com,Male,Poland,false,americanexpress,"€7865,54"
36,Grier,Ridehalgh,gridehalghz@accuweather.com,Female,Uganda,true,diners-club-carte-blanche,"€3969,35"
37,Karoline,Mushet,kmushet10@independent.co.uk,Female,China,false,jcb,"€5874,07"
38,Jessalin,Ferras,jferras11@nsw.gov.au,Female,Ireland,false,instapayment,"€7264,99"
39,Lee,Osman,losman12@shutterfly.com,Bigender,Costa Rica,false,diners-club-carte-blanche,"€7304,93"
40,Tynan,Buzza,tbuzza13@sciencedirect.com,Male,China,false,jcb,"€3657,45"
41,Gustie,Brundle,gbrundle14@hugedomains.com,Female,Bosnia and Herzegovina,false,jcb,"€7906,25"
42,Maryl,Piell,mpiell15@chicagotribune.com,Female,Portugal,false,jcb,"€6307,74"
43,Daryn,Matyushkin,dmatyushkin16@istockphoto.com,Female,Palestinian Territory,false,jcb,"€2559,05"
44,Delly,Portigall,dportigall17@youtu.be,Female,Indonesia,false,jcb,"€6081,45"
45,Brynna,Tulloch,btulloch18@1688.com,Female,France,true,bankcard,"€7969,77"
46,Caron,Noddles,cnoddles19@wikispaces.com,Female,Kosovo,false,diners-club-enroute,"€7517,73"
47,Esmaria,Heavy,eheavy1a@foxnews.com,Female,Philippines,false,jcb,"€2618,62"
48,Melisandra,Thurby,mthurby1b@tumblr.com,Female,Djibouti,false,diners-club-carte-blanche,"€2801,87"
49,Jolee,Ruggier,jruggier1c@yellowpages.com,Female,China,false,bankcard,"€3593,14"
50,Damian,Naisbet,dnaisbet1d@barnesandnoble.com,Male,France,true,jcb,"€5085,81"
51,Kile,Ickowicz,kickowicz1e@tmall.com,Male,Iran,false,jcb,"€2313,94"
52,Torin,Dalinder,tdalinder1f@hugedomains.com,Male,Poland,false,jcb,"€6819,69"
53,Bernarr,MacKaile,bmackaile1g@wordpress.org,Male,Egypt,true,jcb,"€9762,74"
54,Vivyan,Jellybrand,vjellybrand1h@chicagotribune.com,Female,Brazil,false,diners-club-carte-blanche,"€4998,37"
55,Humphrey,Ingerfield,hingerfield1i@wufoo.com,Male,Philippines,true,instapayment,"€4765,59"
56,Jaine,McTaggart,jmctaggart1j@feedburner.com,Female,South Africa,true,jcb,"€7584,88"
57,Pennie,Hallas,phallas1k@flickr.com,Male,China,false,jcb,"€3416,56"
58,Sari,Rowdell,srowdell1l@google.cn,Female,Vietnam,true,jcb,"€7998,07"
59,Pattin,Kornilov,pkornilov1m@techcrunch.com,Male,Russia,true,switch,"€7037,30"
60,Dyan,Becerra,dbecerra1n@facebook.com,Female,China,false,jcb,"€4772,47"
61,Gayleen,Bockmann,gbockmann1o@issuu.com,Female,Serbia,true,maestro,"€6229,64"
62,Neely,Avieson,navieson1p@umn.edu,Female,United States,false,jcb,"€9093,46"
63,Ingram,Thamelt,ithamelt1q@cnet.com,Male,New Zealand,true,jcb,"€3439,11"
64,Jessi,Gorst,jgorst1r@amazon.co.jp,Female,Sweden,true,jcb,"€8886,43"
65,Darcy,Buckhurst,dbuckhurst1s@dion.ne.jp,Male,New Zealand,false,jcb,"€6437,29"
66,Skipper,Ferronet,sferronet1t@timesonline.co.uk,Male,Portugal,false,jcb,"€2603,43"
67,Daune,Marrington,dmarrington1u@g.co,Female,South Africa,false,americanexpress,"€8824,51"
68,Diannne,Dallicoat,ddallicoat1v@redcross.org,Genderfluid,Philippines,true,jcb,"€2457,91"
69,Isidora,Jouning,ijouning1w@vinaora.com,Female,Brazil,true,jcb,"€2251,29"
70,Derek,Corbin,dcorbin1x@sina.com.cn,Male,Russia,false,visa,"€6390,05"
71,Donnell,Grizard,dgrizard1y@loc.gov,Male,Ukraine,false,bankcard,"€6173,16"
72,Tami,Snoxill,tsnoxill1z@twitpic.com,Female,Macedonia,true,jcb,"€7611,26"
73,Allen,Poacher,apoacher20@webnode.com,Male,Indonesia,true,visa-electron,"€9478,28"
74,Mabelle,Caldeiro,mcaldeiro21@deliciousdays.com,Female,Japan,false,diners-club-us-ca,"€6625,90"
75,Ketti,Stoggles,kstoggles22@usda.gov,Female,Marshall Islands,false,jcb,"€9791,64"
76,Lazar,Beavington,lbeavington23@hatena.ne.jp,Male,China,false,laser,"€5017,25"
77,Maddalena,Buddell,mbuddell24@freewebs.com,Agender,Italy,false,jcb,"€6357,37"
78,Byron,Rue,brue25@last.fm,Male,China,true,mastercard,"€5682,40"
79,Beryl,Destouche,bdestouche26@oakley.com,Female,China,true,visa-electron,"€9578,57"
80,Danie,Selman,dselman27@privacy.gov.au,Male,China,true,mastercard,"€6283,09"
81,Laurie,Skea,lskea28@privacy.gov.au,Male,Indonesia,true,bankcard,"€4429,53"
82,West,Hutten,whutten29@uiuc.edu,Non-binary,Greece,true,mastercard,"€7046,05"
83,Marje,Cockrill,mcockrill2a@diigo.com,Female,Indonesia,true,jcb,"€5617,43"
84,Allina,Crossley,acrossley2b@soundcloud.com,Female,New Zealand,true,switch,"€5024,21"
85,Garvin,Callaway,gcallaway2c@prweb.com,Male,Bulgaria,false,mastercard,"€5963,76"
86,Chaddy,Canero,ccanero2d@oracle.com,Male,Portugal,true,jcb,"€4633,24"
87,Nessi,Wrigglesworth,nwrigglesworth2e@reference.com,Female,Russia,false,mastercard,"€5522,36"
88,Sonnie,Oldacres,soldacres2f@loc.gov,Female,East Timor,true,switch,"€7043,38"
89,Jenda,Pirt,jpirt2g@accuweather.com,Female,Yemen,true,maestro,"€7375,21"
90,Ario,Roelofs,aroelofs2h@cafepress.com,Non-binary,Uzbekistan,true,laser,"€9750,02"
91,Godwin,Ryan,gryan2i@addthis.com,Male,Indonesia,true,bankcard,"€4577,85"
92,Lolly,Llorens,lllorens2j@ftc.gov,Female,Vietnam,true,jcb,"€8098,85"
93,Alwyn,Seyers,aseyers2k@dagondesign.com,Male,China,false,maestro,"€7577,60"
94,Virgina,Sommerling,vsommerling2l@histats.com,Female,China,true,jcb,"€5298,78"
95,Tomkin,Dafter,tdafter2m@theguardian.com,Male,Dominican Republic,true,diners-club-carte-blanche,"€5712,42"
96,Lydie,McGraith,lmcgraith2n@zimbio.com,Female,Russia,true,instapayment,"€2980,78"
97,Ervin,Rushsorth,erushsorth2o@smh.com.au,Male,Nigeria,true,mastercard,"€3278,77"
98,Ches,Tidey,ctidey2p@t-online.de,Male,Myanmar,false,bankcard,"€8082,92"
99,Porter,Roser,proser2q@google.fr,Male,Portugal,true,jcb,"€4451,07"
100,Chicky,Larway,clarway2r@google.es,Female,Finland,true,jcb,"€2455,62"
101,Dante,Ends,dends2s@amazon.de,Male,Palestinian Territory,false,mastercard,"€4527,98"
102,Clement,Seckom,cseckom2t@upenn.edu,Male,Philippines,true,jcb,"€5945,06"
103,Fenelia,Connow,fconnow2u@desdev.cn,Female,Canada,true,jcb,"€3890,13"
104,Row,Sherwin,rsherwin2v@wix.com,Female,Brazil,true,jcb,"€5697,34"
105,Lezlie,Stolberg,lstolberg2w@hud.gov,Female,Indonesia,true,bankcard,"€3125,07"
106,Lockwood,Landes,llandes2x@eventbrite.com,Genderqueer,Indonesia,false,visa,"€2817,72"
107,Jamil,Vassman,jvassman2y@dot.gov,Male,Malaysia,true,americanexpress,"€6710,66"
108,Lillis,Hinge,lhinge2z@bbc.co.uk,Female,Philippines,true,diners-club-enroute,"€6797,66"
109,Raffaello,Yakovliv,ryakovliv30@census.gov,Male,Kazakhstan,true,bankcard,"€5148,01"
110,Jacques,Itskovitz,jitskovitz31@timesonline.co.uk,Male,Philippines,true,laser,"€4690,63"
111,Hermine,Darrigone,hdarrigone32@jigsy.com,Female,Russia,true,jcb,"€6729,91"
112,Dani,Notti,dnotti33@ted.com,Male,China,false,jcb,"€6347,36"
113,Merline,Merkel,mmerkel34@vinaora.com,Female,Indonesia,false,maestro,"€7353,38"
114,Sanders,Kynge,skynge35@ovh.net,Male,South Korea,true,visa-electron,"€3587,81"
115,Artair,de Merida,ademerida36@ameblo.jp,Male,Morocco,false,diners-club-enroute,"€4736,64"
116,Tiebold,Binnion,tbinnion37@prlog.org,Male,Canada,false,jcb,"€5732,39"
117,Camellia,Collington,ccollington38@51.la,Female,Philippines,false,jcb,"€9494,16"
118,Den,Dockrey,ddockrey39@mozilla.com,Polygender,Poland,false,instapayment,"€4061,00"
119,Mathe,Lagneaux,mlagneaux3a@g.co,Genderfluid,Thailand,false,maestro,"€8040,07"
120,Dorisa,Laurenty,dlaurenty3b@arstechnica.com,Female,Gambia,false,diners-club-enroute,"€4472,99"
121,Dall,Fine,dfine3c@paypal.com,Male,Philippines,true,diners-club-enroute,"€8391,98"
122,Gratiana,Colwell,gcolwell3d@japanpost.jp,Female,China,false,mastercard,"€6850,56"
123,Ernaline,Clyne,eclyne3e@cbsnews.com,Female,China,false,bankcard,"€5464,82"
124,Abbe,Dyerson,adyerson3f@wikia.com,Female,Philippines,false,jcb,"€2284,05"
125,Vinnie,Philbrick,vphilbrick3g@histats.com,Female,Indonesia,false,diners-club-international,"€5252,00"
126,Denyse,Orht,dorht3h@washington.edu,Female,Indonesia,true,diners-club-enroute,"€6718,39"
127,Melesa,Slyde,mslyde3i@addthis.com,Female,Zimbabwe,true,mastercard,"€8826,29"
128,Gabie,Waddie,gwaddie3j@skyrock.com,Male,Russia,true,jcb,"€6193,25"
129,Gaston,Biggans,gbiggans3k@oaic.gov.au,Male,Poland,false,diners-club-enroute,"€5746,79"
130,Kermy,Turbern,kturbern3l@nsw.gov.au,Male,Peru,false,china-unionpay,"€2105,01"
131,Eleonore,Kleint,ekleint3m@infoseek.co.jp,Female,China,true,mastercard,"€5650,14"
132,Kristien,Probets,kprobets3n@yahoo.co.jp,Female,France,false,jcb,"€5832,19"
133,Cesaro,Pennrington,cpennrington3o@bravesites.com,Male,Greece,true,jcb,"€8871,16"
134,Verla,Maharey,vmaharey3p@google.fr,Female,China,false,americanexpress,"€2791,55"
135,Paddie,Buffey,pbuffey3q@opera.com,Genderfluid,China,false,diners-club-enroute,"€8807,71"
136,Luther,Middle,lmiddle3r@multiply.com,Male,Ukraine,true,maestro,"€5486,24"
137,Dorolisa,Salsberg,dsalsberg3s@amazon.co.jp,Female,France,false,jcb,"€9308,39"
138,Jonah,MacShane,jmacshane3t@tuttocitta.it,Male,China,true,solo,"€9415,16"
139,Issy,Haitlie,ihaitlie3u@fda.gov,Female,Russia,true,switch,"€5135,99"
140,Gordan,Rate,grate3v@walmart.com,Male,Belgium,false,mastercard,"€8424,28"
141,Paquito,Custed,pcusted3w@discovery.com,Male,Iran,false,diners-club-enroute,"€4109,87"
142,Dick,Cornelissen,dcornelissen3x@rambler.ru,Male,Czech Republic,false,jcb,"€8507,57"
143,Cristi,Clewer,cclewer3y@geocities.com,Female,Bolivia,true,diners-club-carte-blanche,"€3734,70"
144,Deanne,Keeble,dkeeble3z@dedecms.com,Female,China,false,china-unionpay,"€4211,73"
145,Rozelle,Fleckney,rfleckney40@phpbb.com,Female,New Zealand,false,maestro,"€6575,26"
146,Ernaline,Persich,epersich41@blinklist.com,Female,Malaysia,true,diners-club-enroute,"€2997,74"
147,Giavani,Millhouse,gmillhouse42@theglobeandmail.com,Bigender,Philippines,true,solo,"€9541,03"
148,Charla,Higgen,chiggen43@naver.com,Female,Pakistan,true,jcb,"€6816,06"
149,Efrem,Harrie,eharrie44@issuu.com,Bigender,Argentina,false,jcb,"€4083,52"
150,Terrence,Vanetti,tvanetti45@linkedin.com,Male,China,false,solo,"€8596,55"
151,Garvey,Burwell,gburwell46@opera.com,Male,Saint Lucia,true,americanexpress,"€2290,72"
152,Davin,Eagar,deagar47@com.com,Male,Ghana,false,jcb,"€8554,86"
153,Sharl,Grugerr,sgrugerr48@is.gd,Female,Argentina,true,jcb,"€5050,67"
154,Cletus,Janic,cjanic49@geocities.com,Male,Poland,false,mastercard,"€3146,36"
155,Adelheid,Blanko,ablanko4a@wired.com,Female,Portugal,true,jcb,"€5458,09"
156,Nana,Laise,nlaise4b@usatoday.com,Female,Sweden,true,jcb,"€6640,69"
157,Vania,Benediktsson,vbenediktsson4c@patch.com,Female,New Zealand,false,jcb,"€3530,10"
158,Patsy,Dilgarno,pdilgarno4d@timesonline.co.uk,Male,Peru,false,diners-club-carte-blanche,"€7786,92"
159,Derron,Trimmill,dtrimmill4e@ft.com,Male,Guinea,true,jcb,"€2236,94"
160,Hannis,Ivain,hivain4f@wordpress.org,Female,Cuba,true,jcb,"€4367,39"
161,Leonore,Fentem,lfentem4g@guardian.co.uk,Female,Argentina,false,mastercard,"€7265,34"
162,Peggi,Minogue,pminogue4h@cocolog-nifty.com,Female,Russia,true,jcb,"€6641,36"
163,Yulma,Bainton,ybainton4i@google.ru,Male,Philippines,false,jcb,"€4204,84"
164,Zola,Kearton,zkearton4j@nasa.gov,Female,China,true,maestro,"€9716,18"
165,Clara,Wolters,cwolters4k@fda.gov,Polygender,Indonesia,true,jcb,"€6585,49"
166,Cyb,Renard,crenard4l@mapquest.com,Genderqueer,China,true,jcb,"€3208,00"
167,Peirce,Butterley,pbutterley4m@zimbio.com,Male,Philippines,true,visa-electron,"€8459,15"
168,Aveline,Horrigan,ahorrigan4n@cbslocal.com,Female,North Korea,false,diners-club-us-ca,"€9417,34"
169,Todd,Gerson,tgerson4o@shareasale.com,Male,Russia,false,bankcard,"€7040,95"
170,Lucita,Lamburn,llamburn4p@bluehost.com,Female,Indonesia,false,americanexpress,"€3267,25"
171,Ky,Reidie,kreidie4q@webeden.co.uk,Male,Portugal,true,visa-electron,"€3450,34"
172,Hermy,Searjeant,hsearjeant4r@mlb.com,Non-binary,China,true,mastercard,"€6873,41"
173,Jewelle,Reddie,jreddie4s@epa.gov,Female,China,false,maestro,"€8082,38"
174,Kaia,Howorth,khoworth4t@bigcartel.com,Female,Colombia,true,jcb,"€2968,85"
175,Payton,Giovanetti,pgiovanetti4u@weebly.com,Male,Brazil,false,jcb,"€7063,72"
176,Michaela,Ridings,mridings4v@examiner.com,Female,Indonesia,false,diners-club-carte-blanche,"€4576,25"
177,Burlie,Kydde,bkydde4w@barnesandnoble.com,Male,Greece,false,jcb,"€3588,29"
178,Shaun,Angeli,sangeli4x@yale.edu,Male,Indonesia,false,switch,"€9607,57"
179,Georgy,Tomankowski,gtomankowski4y@marketwatch.com,Male,Uganda,true,jcb,"€9846,39"
180,Danielle,Bagster,dbagster4z@umn.edu,Female,China,false,visa-electron,"€4581,41"
181,Corinne,Weatherell,cweatherell50@google.nl,Female,Aland Islands,false,laser,"€4606,88"
182,Mada,Daens,mdaens51@histats.com,Female,Philippines,true,jcb,"€5188,80"
183,Rand,Chiswell,rchiswell52@prweb.com,Male,Indonesia,false,mastercard,"€8884,11"
184,Conchita,Spanton,cspanton53@aol.com,Bigender,Czech Republic,true,jcb,"€4176,18"
185,Vick,Huddart,vhuddart54@fotki.com,Male,China,true,jcb,"€8831,40"
186,Reinwald,Davson,rdavson55@yahoo.com,Male,Portugal,true,jcb,"€3333,64"
187,Darill,Paur,dpaur56@japanpost.jp,Male,Russia,false,switch,"€5867,16"
188,Pia,Eyckel,peyckel57@scribd.com,Female,China,true,laser,"€3277,86"
189,Steward,Pettisall,spettisall58@slate.com,Male,United States,true,jcb,"€4266,22"
190,Row,Baterip,rbaterip59@pcworld.com,Polygender,Tajikistan,false,jcb,"€7062,29"
191,Norby,Sperry,nsperry5a@buzzfeed.com,Male,Portugal,false,jcb,"€9984,78"
192,Heddie,Tire,htire5b@scribd.com,Female,South Africa,false,diners-club-enroute,"€3492,03"
193,Boycie,Hartington,bhartington5c@instagram.com,Male,United States,true,americanexpress,"€5093,94"
194,Brandie,Trenam,btrenam5d@dailymotion.com,Female,China,true,jcb,"€2390,74"
195,Gonzalo,Dey,gdey5e@pagesperso-orange.fr,Bigender,Indonesia,false,jcb,"€5732,82"
196,Cammy,Garces,cgarces5f@spiegel.de,Male,Poland,false,bankcard,"€4982,68"
197,Zacharie,Haberjam,zhaberjam5g@yahoo.com,Male,Russia,true,jcb,"€3862,22"
198,Ezmeralda,Hartness,ehartness5h@xinhuanet.com,Non-binary,Sweden,true,jcb,"€5492,47"
199,Stirling,Revell,srevell5i@reuters.com,Male,Indonesia,true,china-unionpay,"€4498,71"
200,Evvie,Tadd,etadd5j@nbcnews.com,Female,Armenia,true,laser,"€9923,06"
201,Calida,Goodnow,cgoodnow5k@myspace.com,Non-binary,Indonesia,true,diners-club-carte-blanche,"€6786,66"
202,Maximilianus,Callis,mcallis5l@cbslocal.com,Male,Sri Lanka,true,bankcard,"€9630,13"
203,Zackariah,Fingleton,zfingleton5m@ow.ly,Male,China,true,jcb,"€6403,50"
204,Niven,Dearing,ndearing5n@wired.com,Male,Brazil,true,diners-club-carte-blanche,"€8506,15"
205,Enrichetta,Stoppe,estoppe5o@unblog.fr,Female,Russia,true,maestro,"€4722,33"
206,Jerry,Ipwell,jipwell5p@rambler.ru,Male,Czech Republic,true,mastercard,"€4520,47"
207,Joellyn,Smeath,jsmeath5q@cdbaby.com,Female,China,true,maestro,"€2165,50"
208,Blancha,Lindenstrauss,blindenstrauss5r@gravatar.com,Female,China,true,laser,"€4529,48"
209,Ron,Davitt,rdavitt5s@house.gov,Male,Ukraine,true,diners-club-carte-blanche,"€6304,08"
210,Stinky,Shallcrass,sshallcrass5t@state.tx.us,Male,Brazil,true,jcb,"€4304,51"
211,Elicia,Attree,eattree5u@xrea.com,Female,China,false,americanexpress,"€7432,21"
212,Augusto,Timcke,atimcke5v@flickr.com,Male,Philippines,true,jcb,"€5457,87"
213,Peri,Cranton,pcranton5w@guardian.co.uk,Polygender,Grenada,true,laser,"€6194,89"
214,Eda,Pridmore,epridmore5x@google.de,Female,Germany,false,china-unionpay,"€9345,89"
215,Morley,McGow,mmcgow5y@desdev.cn,Male,Brazil,true,jcb,"€2708,50"
216,Romain,Olivey,rolivey5z@twitter.com,Male,Russia,false,jcb,"€4435,88"
217,Nikki,Bloss,nbloss60@economist.com,Male,Philippines,false,mastercard,"€3263,08"
218,Auguste,Cawthra,acawthra61@1688.com,Female,Russia,true,jcb,"€2166,90"
219,Livvie,Hayball,lhayball62@spotify.com,Female,Russia,true,jcb,"€7418,17"
220,Kaleb,Pietri,kpietri63@alexa.com,Male,Indonesia,true,switch,"€6852,49"
221,Daffy,Midson,dmidson64@symantec.com,Female,Greece,true,china-unionpay,"€8954,10"
222,Carree,Ruggen,cruggen65@comcast.net,Non-binary,Afghanistan,false,jcb,"€8195,69"
223,Oralle,Lindeberg,olindeberg66@adobe.com,Female,Indonesia,true,visa,"€6613,28"
224,Arlana,Mynard,amynard67@noaa.gov,Female,Ukraine,true,diners-club-enroute,"€8198,73"
225,Annmaria,Lacrouts,alacrouts68@mlb.com,Genderqueer,Belgium,false,jcb,"€4889,68"
226,Hashim,Cominotti,hcominotti69@webs.com,Male,China,false,jcb,"€4478,52"
227,Zollie,Foxcroft,zfoxcroft6a@nhs.uk,Male,China,true,switch,"€8001,56"
228,Ianthe,Hartzenberg,ihartzenberg6b@virginia.edu,Female,Dominican Republic,true,laser,"€6341,18"
229,Zorana,Chate,zchate6c@1und1.de,Female,Brazil,true,visa-electron,"€5414,50"
230,Arthur,Bragge,abragge6d@dropbox.com,Male,South Africa,true,switch,"€3059,94"
231,Lauraine,Daveridge,ldaveridge6e@ted.com,Female,Indonesia,true,diners-club-enroute,"€3374,62"
232,Glyn,Criag,gcriag6f@about.me,Bigender,Yemen,true,china-unionpay,"€5043,93"
233,Gipsy,Earney,gearney6g@clickbank.net,Female,Russia,false,jcb,"€7375,93"
234,Ileana,Mongin,imongin6h@icq.com,Female,Argentina,false,instapayment,"€2357,25"
235,Katharina,Loiterton,kloiterton6i@slashdot.org,Female,Colombia,true,jcb,"€7339,90"
236,Innis,Palmby,ipalmby6j@prlog.org,Male,Poland,true,jcb,"€8115,88"
237,Claire,MacGaughy,cmacgaughy6k@reference.com,Male,Hungary,true,jcb,"€2049,13"
238,Charlot,Dod,cdod6l@goodreads.com,Female,Ireland,false,jcb,"€9314,18"
239,Stafford,Vinecombe,svinecombe6m@discuz.net,Male,Kyrgyzstan,false,maestro,"€6934,97"
240,Thomasina,Nutbean,tnutbean6n@baidu.com,Female,Sudan,true,jcb,"€5656,82"
241,Laurette,Datte,ldatte6o@infoseek.co.jp,Female,Philippines,false,diners-club-enroute,"€8090,96"
242,Barny,Gent,bgent6p@va.gov,Agender,Iceland,false,jcb,"€3428,40"
243,Audie,Bartolomieu,abartolomieu6q@hostgator.com,Female,Brazil,false,switch,"€8228,79"
244,Kippie,Camber,kcamber6r@i2i.jp,Male,Czech Republic,false,jcb,"€4668,72"
245,Krissy,Paddefield,kpaddefield6s@altervista.org,Female,Poland,false,mastercard,"€7464,03"
246,Rozella,Swinyard,rswinyard6t@google.com.au,Female,Thailand,true,jcb,"€9733,46"
247,Kassia,Nisco,knisco6u@nationalgeographic.com,Female,Argentina,true,jcb,"€4267,49"
248,Thurston,Driffield,tdriffield6v@about.me,Male,China,false,jcb,"€2221,84"
249,Abran,Labrenz,alabrenz6w@tinypic.com,Male,Slovenia,true,diners-club-enroute,"€7939,25"
250,Barnard,Dederich,bdederich6x@theatlantic.com,Male,Sweden,true,maestro,"€9860,44"
251,Bette,Boutellier,bboutellier6y@umn.edu,Female,Czech Republic,false,bankcard,"€8667,54"
252,Netti,Tulley,ntulley6z@rambler.ru,Female,Portugal,false,jcb,"€7562,45"
253,Baudoin,Bond,bbond70@arizona.edu,Male,Serbia,false,jcb,"€2899,72"
254,Clara,Ivanchenkov,civanchenkov71@dmoz.org,Female,China,true,visa-electron,"€7468,42"
255,Kennith,Rigolle,krigolle72@google.co.uk,Male,Brazil,true,jcb,"€9885,93"
256,Allys,Geraudy,ageraudy73@irs.gov,Female,Ukraine,true,jcb,"€5447,59"
257,Garvy,Maile,gmaile74@apple.com,Male,Philippines,true,mastercard,"€9023,82"
258,Eward,Frankham,efrankham75@sun.com,Male,Poland,true,jcb,"€3977,22"
259,Kippie,Poulden,kpoulden76@yandex.ru,Female,Norway,false,visa-electron,"€6696,91"
260,Chadwick,Ferry,cferry77@marriott.com,Male,Ethiopia,false,jcb,"€8196,45"
261,Robby,Rhead,rrhead78@hexun.com,Male,China,false,visa-electron,"€7517,70"
262,Shelli,Stirling,sstirling79@sohu.com,Female,Greece,false,jcb,"€2197,84"
263,Helga,Heinsius,hheinsius7a@wikipedia.org,Female,Sweden,true,americanexpress,"€7544,37"
264,Kristy,Gerriet,kgerriet7b@google.de,Female,Uganda,false,maestro,"€2935,38"
265,Maddalena,Dowsing,mdowsing7c@apache.org,Non-binary,Japan,true,bankcard,"€5959,07"
266,Felice,Matchett,fmatchett7d@reference.com,Male,Philippines,false,jcb,"€4530,83"
267,Berkley,Harsnep,bharsnep7e@xing.com,Male,China,false,visa-electron,"€2148,09"
268,Loraine,Kardos-Stowe,lkardosstowe7f@scientificamerican.com,Female,United States,true,jcb,"€7019,93"
269,Rianon,Boxhill,rboxhill7g@histats.com,Female,Iran,true,mastercard,"€8210,42"
270,Margaretta,Throssell,mthrossell7h@nhs.uk,Female,Russia,false,jcb,"€8755,33"
271,Kerry,Blackadder,kblackadder7i@domainmarket.com,Female,Colombia,true,diners-club-carte-blanche,"€6542,23"
272,Dede,Olyfat,dolyfat7j@washington.edu,Female,Russia,true,visa-electron,"€2723,31"
273,Asher,Dwyr,adwyr7k@wikia.com,Male,Poland,false,visa,"€5059,51"
274,Frank,Corkish,fcorkish7l@house.gov,Female,Mexico,true,china-unionpay,"€9423,29"
275,Kerr,Youson,kyouson7m@boston.com,Male,Brazil,true,jcb,"€9805,49"
276,Delbert,Gillmor,dgillmor7n@csmonitor.com,Male,Colombia,true,jcb,"€5096,01"
277,Lynsey,Swait,lswait7o@furl.net,Female,Russia,false,maestro,"€6521,86"
278,Nannette,Sumpner,nsumpner7p@xing.com,Female,Honduras,false,jcb,"€4643,06"
279,Jocko,Linster,jlinster7q@netvibes.com,Male,South Africa,false,americanexpress,"€8523,73"
280,Frasco,Pechacek,fpechacek7r@sfgate.com,Male,China,true,jcb,"€5647,24"
281,Iorgo,Munks,imunks7s@1688.com,Male,Cuba,true,maestro,"€4901,18"
282,Natale,McMenamy,nmcmenamy7t@newsvine.com,Male,Bosnia and Herzegovina,true,jcb,"€6808,29"
283,Thain,Corson,tcorson7u@creativecommons.org,Male,China,false,mastercard,"€3655,19"
284,Mahmoud,Arnke,marnke7v@economist.com,Male,Netherlands,false,jcb,"€4043,26"
285,Terese,Scarf,tscarf7w@ft.com,Female,Norway,false,jcb,"€8606,46"
286,Jenn,Cammacke,jcammacke7x@craigslist.org,Female,China,false,laser,"€8417,56"
287,Iain,Whymark,iwhymark7y@about.com,Male,Indonesia,true,jcb,"€4203,64"
288,Rowland,Devenny,rdevenny7z@nature.com,Male,Japan,false,diners-club-carte-blanche,"€8408,93"
289,Morty,Sanpher,msanpher80@scribd.com,Male,China,true,jcb,"€4536,44"
290,Janka,Blatchford,jblatchford81@nature.com,Female,Russia,false,jcb,"€5290,20"
291,Gilberto,Mountlow,gmountlow82@cloudflare.com,Bigender,Indonesia,false,maestro,"€3728,18"
292,Kettie,Caunter,kcaunter83@hatena.ne.jp,Female,China,true,jcb,"€8103,71"
293,Cynthie,Boness,cboness84@comsenz.com,Female,Indonesia,true,diners-club-enroute,"€4087,62"
294,Trever,Santoro,tsantoro85@creativecommons.org,Male,China,false,laser,"€6549,22"
295,Kipp,Alliston,kalliston86@prlog.org,Female,France,true,jcb,"€2699,54"
296,Kissiah,Yggo,kyggo87@wordpress.com,Female,Argentina,false,maestro,"€8187,92"
297,Claudina,Clifft,cclifft88@sciencedirect.com,Female,Russia,true,jcb,"€6359,71"
298,Othello,Gianulli,ogianulli89@archive.org,Male,Botswana,true,jcb,"€6407,80"
299,Garey,Dulieu,gdulieu8a@youtu.be,Male,Georgia,true,jcb,"€6013,47"
300,Dehlia,Tonnesen,dtonnesen8b@harvard.edu,Female,Indonesia,true,jcb,"€5384,51"
301,Aloise,Seatter,aseatter8c@e-recht24.de,Female,Serbia,true,jcb,"€3186,55"
302,Wolfgang,Maccari,wmaccari8d@cnbc.com,Genderfluid,Russia,false,jcb,"€7328,77"
303,Dasha,Philippart,dphilippart8e@icio.us,Female,United States,true,china-unionpay,"€5244,11"
304,Barrie,Maryin,bmaryin8f@etsy.com,Female,Brazil,false,jcb,"€6786,63"
305,Anthe,Greves,agreves8g@xing.com,Female,Thailand,true,jcb,"€7179,96"
306,Amalie,Spier,aspier8h@etsy.com,Female,Sweden,true,diners-club-us-ca,"€2741,46"
307,Ronica,Borland,rborland8i@domainmarket.com,Female,Portugal,false,jcb,"€9528,03"
308,Gerard,Kirman,gkirman8j@printfriendly.com,Male,Dominican Republic,true,diners-club-carte-blanche,"€4221,08"
309,Ina,Camden,icamden8k@linkedin.com,Genderfluid,China,false,bankcard,"€8386,64"
310,Letisha,Golda,lgolda8l@springer.com,Female,Ecuador,true,jcb,"€2228,37"
311,Kim,Klimpt,kklimpt8m@comsenz.com,Male,Argentina,true,china-unionpay,"€8604,47"
312,Emmy,Macveigh,emacveigh8n@vinaora.com,Female,Indonesia,false,jcb,"€7974,40"
313,Lizzie,Beaze,lbeaze8o@desdev.cn,Female,Philippines,false,mastercard,"€2361,18"
314,Avram,Nasi,anasi8p@cdc.gov,Male,Nigeria,false,jcb,"€6495,48"
315,Patti,Dummer,pdummer8q@odnoklassniki.ru,Female,Cape Verde,false,jcb,"€4495,62"
316,Vanny,Leggott,vleggott8r@nifty.com,Female,France,true,switch,"€3803,68"
317,Myrvyn,Forestel,mforestel8s@parallels.com,Male,Spain,false,jcb,"€4583,61"
318,Guinna,Fairfoull,gfairfoull8t@ucoz.ru,Female,Russia,true,jcb,"€7076,50"
319,Kirk,O'Cahsedy,kocahsedy8u@cnn.com,Male,Morocco,true,jcb,"€2031,84"
320,Perle,Bosnell,pbosnell8v@wikimedia.org,Female,Canada,true,china-unionpay,"€8843,68"
321,Erika,Tumber,etumber8w@aboutads.info,Female,China,false,jcb,"€3827,44"
322,Arnaldo,Perfitt,aperfitt8x@columbia.edu,Male,Russia,true,visa-electron,"€9819,54"
323,Rodger,Tierny,rtierny8y@sourceforge.net,Male,Central African Republic,false,diners-club-international,"€4956,74"
324,Adi,Valde,avalde8z@github.com,Female,China,false,jcb,"€9692,63"
325,Grier,Werndley,gwerndley90@va.gov,Female,Sweden,false,switch,"€8526,84"
326,Cash,McEvoy,cmcevoy91@skyrock.com,Male,Serbia,false,diners-club-carte-blanche,"€5251,92"
327,Peri,Attwater,pattwater92@booking.com,Female,China,true,jcb,"€9229,66"
328,Pascal,Alster,palster93@google.co.uk,Male,China,true,visa-electron,"€7833,30"
329,Jerri,Sherrington,jsherrington94@nhs.uk,Polygender,Vietnam,false,china-unionpay,"€5405,71"
330,Clim,Jasiak,cjasiak95@jalbum.net,Male,Canada,true,jcb,"€6740,79"
331,Thornton,Menis,tmenis96@histats.com,Male,Indonesia,false,visa-electron,"€4338,45"
332,Krystyna,Wilmington,kwilmington97@cnbc.com,Female,Poland,false,switch,"€6765,99"
333,Mab,Corkell,mcorkell98@intel.com,Female,Philippines,true,jcb,"€7892,27"
334,Nesta,Gemelli,ngemelli99@shareasale.com,Female,China,true,jcb,"€7474,34"
335,Colby,Febvre,cfebvre9a@paginegialle.it,Male,Indonesia,false,jcb,"€4094,88"
336,Rosette,Palfreman,rpalfreman9b@xinhuanet.com,Female,Peru,true,maestro,"€4304,87"
337,Aili,Caddy,acaddy9c@miitbeian.gov.cn,Female,France,false,americanexpress,"€7140,44"
338,Latrina,Kettridge,lkettridge9d@eventbrite.com,Female,Indonesia,false,visa-electron,"€4638,25"
339,Virgil,Waistell,vwaistell9e@amazonaws.com,Male,Russia,true,americanexpress,"€3543,06"
340,Dugald,Mac,dmac9f@google.pl,Male,France,false,diners-club-enroute,"€7829,92"
341,Leif,Sheringham,lsheringham9g@sohu.com,Male,Russia,true,bankcard,"€8038,90"
342,Anatola,Stilldale,astilldale9h@wordpress.com,Female,Honduras,false,americanexpress,"€2978,88"
343,Mandy,Tregust,mtregust9i@irs.gov,Female,Brazil,false,jcb,"€7662,84"
344,Batholomew,Carnoghan,bcarnoghan9j@amazon.de,Male,China,true,mastercard,"€6580,10"
345,Horatio,d' Eye,hdeye9k@jiathis.com,Male,China,true,laser,"€3005,61"
346,Stefano,Murrhardt,smurrhardt9l@opensource.org,Male,Bulgaria,true,jcb,"€6765,18"
347,Pattie,Weatherhill,pweatherhill9m@goodreads.com,Male,Philippines,true,jcb,"€6277,84"
348,Osbert,Prine,oprine9n@kickstarter.com,Male,Philippines,true,switch,"€3809,36"
349,Judd,Mathers,jmathers9o@ebay.com,Male,China,true,jcb,"€9823,62"
350,Keir,Frude,kfrude9p@unesco.org,Polygender,Costa Rica,false,jcb,"€5922,23"
351,Heidi,Ribeiro,hribeiro9q@wikia.com,Female,Philippines,true,diners-club-enroute,"€4330,94"
352,Gardner,Moon,gmoon9r@meetup.com,Non-binary,Argentina,false,instapayment,"€5890,36"
353,Clare,Treppas,ctreppas9s@npr.org,Polygender,Uganda,true,jcb,"€9040,78"
354,Eloisa,Halbert,ehalbert9t@ucla.edu,Female,Brazil,true,mastercard,"€4939,16"
355,Glen,Sturgis,gsturgis9u@tripadvisor.com,Male,Egypt,false,bankcard,"€7182,07"
356,Curtice,Tatterton,ctatterton9v@bloomberg.com,Male,Brazil,true,jcb,"€4405,65"
357,Esmeralda,Vardey,evardey9w@time.com,Female,Sweden,true,jcb,"€6006,26"
358,Rodolph,Cuckoo,rcuckoo9x@topsy.com,Male,China,false,jcb,"€9236,21"
359,Avis,Bulbrook,abulbrook9y@nasa.gov,Female,Nigeria,true,diners-club-us-ca,"€2046,28"
360,Mario,Ruppele,mruppele9z@state.tx.us,Male,United States,true,jcb,"€7160,25"
361,Hyacinthe,Boyton,hboytona0@amazonaws.com,Female,Philippines,true,diners-club-enroute,"€5260,27"
362,Hermina,Grills,hgrillsa1@virginia.edu,Female,Indonesia,true,mastercard,"€2095,80"
363,Eldin,Lingard,elingarda2@google.pl,Male,Russia,true,jcb,"€3149,49"
364,Nissie,Gorcke,ngorckea3@slate.com,Female,Syria,false,jcb,"€8204,57"
365,Louie,Dawtry,ldawtrya4@comcast.net,Male,China,true,jcb,"€8996,81"
366,Phelia,Ellery,pellerya5@linkedin.com,Female,Argentina,false,jcb,"€6374,21"
367,Lorenza,Lauthian,llauthiana6@hhs.gov,Female,Ukraine,false,jcb,"€4774,96"
368,Silas,Corballis,scorballisa7@google.co.uk,Male,Sweden,true,visa,"€7529,52"
369,Jammie,Berzins,jberzinsa8@gizmodo.com,Female,Brazil,false,jcb,"€3134,90"
370,Nanon,Larder,nlardera9@ftc.gov,Female,United States,false,americanexpress,"€7907,28"
371,Gabriella,Surgood,gsurgoodaa@marriott.com,Female,Philippines,true,laser,"€2200,33"
372,Dori,Feek,dfeekab@cdbaby.com,Female,China,false,switch,"€6512,72"
373,Koo,Dregan,kdreganac@skyrock.com,Female,Brazil,false,jcb,"€4224,89"
374,Lilli,Jervoise,ljervoisead@rakuten.co.jp,Female,Macedonia,false,mastercard,"€8755,83"
375,Cosmo,Hendrix,chendrixae@soup.io,Male,China,true,jcb,"€6113,38"
376,Dorothea,Banasevich,dbanasevichaf@list-manage.com,Non-binary,China,true,diners-club-us-ca,"€8852,35"
377,Gearalt,Haly,ghalyag@nps.gov,Male,Colombia,false,jcb,"€9596,20"
378,Kate,Pallant,kpallantah@apache.org,Genderfluid,China,false,mastercard,"€7754,44"
379,Celinka,Barsam,cbarsamai@comcast.net,Agender,Indonesia,false,maestro,"€8204,09"
380,Seth,Rudgerd,srudgerdaj@apache.org,Male,Czech Republic,true,solo,"€6891,81"
381,Timmie,Lob,tlobak@cloudflare.com,Female,Ethiopia,true,laser,"€5720,63"
382,Tootsie,Sieb,tsiebal@nba.com,Female,Ukraine,false,diners-club-carte-blanche,"€2440,37"
383,Royal,Marchment,rmarchmentam@delicious.com,Male,Philippines,true,maestro,"€7121,01"
384,Blisse,Ezzell,bezzellan@mit.edu,Female,Colombia,false,visa-electron,"€5858,37"
385,Gareth,Nend,gnendao@boston.com,Agender,Indonesia,false,maestro,"€4585,45"
386,Filberte,Forty,ffortyap@cisco.com,Non-binary,Philippines,false,jcb,"€5152,09"
387,Jeremy,Meagher,jmeagheraq@loc.gov,Non-binary,Portugal,false,jcb,"€3348,71"
388,Gleda,Merkle,gmerklear@sogou.com,Female,Colombia,true,switch,"€7399,15"
389,Grant,Bosson,gbossonas@unesco.org,Male,Iran,false,jcb,"€6351,33"
390,Arnuad,Sanbrooke,asanbrookeat@de.vu,Bigender,Philippines,true,diners-club-international,"€7790,69"
391,Ambrosio,Hamer,ahamerau@istockphoto.com,Male,Sweden,false,switch,"€2583,37"
392,Nikki,Ewbank,newbankav@smugmug.com,Female,Indonesia,false,jcb,"€7707,66"
393,Gal,Knee,gkneeaw@gov.uk,Male,Poland,false,switch,"€5535,82"
394,Anett,Skeen,askeenax@live.com,Female,Philippines,true,jcb,"€9657,92"
395,Niki,Zorzi,nzorziay@sakura.ne.jp,Male,United States,false,jcb,"€7553,80"
396,Barr,Detoc,bdetocaz@mlb.com,Male,Croatia,false,jcb,"€5552,75"
397,Ferdinand,Buzza,fbuzzab0@usnews.com,Male,Russia,true,bankcard,"€4518,61"
398,Clarita,Keech,ckeechb1@squarespace.com,Agender,Morocco,false,mastercard,"€9549,17"
399,Arlinda,McMeekan,amcmeekanb2@ycombinator.com,Female,Palestinian Territory,true,visa-electron,"€8487,44"
400,Alan,Luebbert,aluebbertb3@purevolume.com,Male,Chad,false,americanexpress,"€4511,32"
401,Angy,Legendre,alegendreb4@ning.com,Non-binary,China,false,china-unionpay,"€3589,28"
402,Gavan,Yashaev,gyashaevb5@theatlantic.com,Male,Philippines,true,diners-club-carte-blanche,"€7779,30"
403,Jerrold,Stuckley,jstuckleyb6@eventbrite.com,Male,Ukraine,true,jcb,"€9133,70"
404,Berkeley,Rydeard,brydeardb7@stanford.edu,Male,Argentina,true,jcb,"€4426,20"
405,Isiahi,Glazzard,iglazzardb8@china.com.cn,Male,China,false,china-unionpay,"€6807,94"
406,Kelcy,Tolussi,ktolussib9@tinypic.com,Female,Colombia,true,bankcard,"€4716,29"
407,Regine,Aguirrezabal,raguirrezabalba@bing.com,Female,Colombia,false,jcb,"€6956,32"
408,Diandra,Christopherson,dchristophersonbb@whitehouse.gov,Female,Indonesia,true,visa-electron,"€2048,49"
409,Kasper,Bodleigh,kbodleighbc@ask.com,Male,Philippines,true,jcb,"€6513,15"
410,Reggy,Burchmore,rburchmorebd@whitehouse.gov,Male,China,true,instapayment,"€8900,92"
411,Georg,Dahill,gdahillbe@businessinsider.com,Male,Indonesia,true,jcb,"€2741,21"
412,Timmie,Berger,tbergerbf@fastcompany.com,Bigender,Japan,true,switch,"€4700,75"
413,Ogden,Shoute,oshoutebg@twitpic.com,Male,Germany,true,solo,"€2491,15"
414,Galvin,Deeks,gdeeksbh@about.com,Male,Palestinian Territory,true,jcb,"€2528,46"
415,Nerta,Reddle,nreddlebi@amazon.de,Female,China,true,visa-electron,"€9874,82"
416,Ron,Shiel,rshielbj@fastcompany.com,Male,Philippines,true,jcb,"€3855,88"
417,Salomone,Dawidman,sdawidmanbk@disqus.com,Polygender,Guinea,true,visa-electron,"€5389,32"
418,Erich,Amyes,eamyesbl@goo.ne.jp,Male,China,false,jcb,"€9238,69"
419,Ellsworth,Lukas,elukasbm@army.mil,Genderfluid,Poland,true,maestro,"€8262,20"
420,Robinetta,Wharlton,rwharltonbn@cocolog-nifty.com,Female,China,false,laser,"€7377,77"
421,Marilyn,Adey,madeybo@gnu.org,Female,Thailand,false,jcb,"€3613,75"
422,Tracey,Beverley,tbeverleybp@bigcartel.com,Male,Russia,true,china-unionpay,"€2606,73"
423,Paco,Greschke,pgreschkebq@goo.ne.jp,Polygender,Lithuania,false,bankcard,"€9802,70"
424,Byrann,Gaddes,bgaddesbr@constantcontact.com,Male,Mongolia,false,china-unionpay,"€3352,50"
425,Jammie,Barthelme,jbarthelmebs@opera.com,Female,Czech Republic,true,visa,"€9857,27"
426,Bliss,Houltham,bhoulthambt@ycombinator.com,Female,Estonia,true,bankcard,"€5652,77"
427,Vernice,Seefus,vseefusbu@soundcloud.com,Female,Peru,false,visa-electron,"€4298,73"
428,Charlene,Nyles,cnylesbv@plala.or.jp,Female,South Korea,true,china-unionpay,"€9604,16"
429,Adey,Tumilson,atumilsonbw@nydailynews.com,Female,Brazil,true,jcb,"€4556,22"
430,Hetty,Aird,hairdbx@mit.edu,Female,Sweden,true,jcb,"€6485,48"
431,Hermie,Ivanshintsev,hivanshintsevby@naver.com,Male,Brazil,false,americanexpress,"€4572,81"
432,Zenia,Heigold,zheigoldbz@mashable.com,Bigender,Indonesia,false,jcb,"€5602,61"
433,Emma,Coverdill,ecoverdillc0@sphinn.com,Female,China,true,china-unionpay,"€6391,07"
434,Lucina,Heilds,lheildsc1@dyndns.org,Bigender,Mexico,false,mastercard,"€4400,42"
435,Laurene,Di Roberto,ldirobertoc2@ask.com,Female,Albania,false,jcb,"€2157,80"
436,Norina,Comi,ncomic3@shinystat.com,Female,France,false,jcb,"€8872,32"
437,Kimberlyn,Morais,kmoraisc4@who.int,Female,China,false,jcb,"€8834,37"
438,Amity,Tooley,atooleyc5@reference.com,Female,Portugal,false,visa,"€9270,96"
439,Molli,Chellenham,mchellenhamc6@discuz.net,Female,Lithuania,true,americanexpress,"€7994,96"
440,Betty,Rollin,brollinc7@odnoklassniki.ru,Female,China,false,jcb,"€2149,05"
441,Codie,Bellord,cbellordc8@cisco.com,Male,Argentina,false,china-unionpay,"€7613,35"
442,Benoit,Stockin,bstockinc9@addthis.com,Male,Ireland,true,mastercard,"€2574,92"
443,Josee,Fuge,jfugeca@squarespace.com,Female,United States,true,diners-club-carte-blanche,"€9251,62"
444,Babb,Mokes,bmokescb@usatoday.com,Female,Peru,false,jcb,"€3239,83"
445,Jaimie,Dowyer,jdowyercc@edublogs.org,Male,Thailand,true,jcb,"€4529,83"
446,Wendel,Stubbert,wstubbertcd@si.edu,Male,China,false,jcb,"€9084,39"
447,Julissa,Ettels,jettelsce@nps.gov,Female,Ukraine,false,jcb,"€8868,60"
448,Anthia,MacKeogh,amackeoghcf@mapquest.com,Female,Russia,false,americanexpress,"€2047,14"
449,Gallard,Celli,gcellicg@addthis.com,Male,Indonesia,true,jcb,"€3871,86"
450,Lia,Urrey,lurreych@icq.com,Female,Russia,false,diners-club-carte-blanche,"€8851,92"
451,Kerby,Scholcroft,kscholcroftci@quantcast.com,Male,Mauritius,false,diners-club-enroute,"€8432,14"
452,Ynez,Wheatcroft,ywheatcroftcj@irs.gov,Female,Venezuela,false,diners-club-enroute,"€2021,03"
453,Ardra,Basnett,abasnettck@google.es,Female,Bulgaria,true,solo,"€8831,92"
454,Chan,Pulley,cpulleycl@theguardian.com,Male,Poland,false,maestro,"€4551,77"
455,Arin,Splevins,asplevinscm@xinhuanet.com,Male,China,true,maestro,"€8950,51"
456,Claresta,Shrimplin,cshrimplincn@mashable.com,Female,Afghanistan,false,bankcard,"€5533,56"
457,Torie,Grishin,tgrishinco@sfgate.com,Agender,Russia,true,jcb,"€4243,36"
458,Edik,Messier,emessiercp@nationalgeographic.com,Male,China,false,jcb,"€2487,15"
459,Norby,Burch,nburchcq@cdbaby.com,Male,Indonesia,false,maestro,"€6380,26"
460,Allie,Birt,abirtcr@wiley.com,Female,China,true,mastercard,"€7302,17"
461,Sileas,Caddie,scaddiecs@cnet.com,Female,Brazil,true,jcb,"€6241,63"
462,Lindy,Cust,lcustct@mysql.com,Male,China,false,visa-electron,"€7042,76"
463,Hayward,Di Biaggi,hdibiaggicu@ycombinator.com,Male,Poland,true,diners-club-carte-blanche,"€4861,26"
464,Edwina,Boyan,eboyancv@bravesites.com,Female,Sweden,true,jcb,"€2974,39"
465,Zandra,Heindrick,zheindrickcw@infoseek.co.jp,Female,Indonesia,false,switch,"€3982,62"
466,Darrell,Torrans,dtorranscx@elpais.com,Male,Colombia,false,maestro,"€6198,46"
467,Peggi,Scollick,pscollickcy@tinyurl.com,Female,Portugal,false,americanexpress,"€2080,73"
468,Raine,Oak,roakcz@github.io,Female,Latvia,true,jcb,"€2461,05"
469,Matthias,Daniels,mdanielsd0@google.com.hk,Male,Sweden,false,jcb,"€3653,75"
470,Gilbert,Zellick,gzellickd1@sciencedirect.com,Male,Russia,true,switch,"€8702,66"
471,Ebenezer,Hadkins,ehadkinsd2@java.com,Male,Argentina,false,bankcard,"€5677,39"
472,Giana,Joannidi,gjoannidid3@arstechnica.com,Female,Indonesia,true,switch,"€4760,27"
473,Tabitha,Howden,thowdend4@buzzfeed.com,Female,Cape Verde,true,americanexpress,"€2639,33"
474,Franky,Lampen,flampend5@dropbox.com,Female,Brazil,false,china-unionpay,"€2582,39"
475,Zoe,Hammett,zhammettd6@skyrock.com,Female,Indonesia,true,visa-electron,"€9343,52"
476,Judah,Stables,jstablesd7@state.gov,Male,Portugal,true,china-unionpay,"€2650,53"
477,Marchall,Murfett,mmurfettd8@wsj.com,Male,Philippines,true,jcb,"€7647,91"
478,Catarina,Keyser,ckeyserd9@cbsnews.com,Female,Indonesia,true,mastercard,"€4634,19"
479,Delora,Cauley,dcauleyda@soundcloud.com,Bigender,Poland,true,bankcard,"€7673,07"
480,Hayyim,Lambole,hlamboledb@unc.edu,Male,China,true,jcb,"€5356,71"
481,Marnie,Tabert,mtabertdc@economist.com,Female,Ukraine,false,jcb,"€7637,79"
482,Rosemarie,Cereceres,rcereceresdd@cam.ac.uk,Female,France,true,switch,"€5135,00"
483,Alden,Meates,ameatesde@istockphoto.com,Male,Bangladesh,false,diners-club-enroute,"€9531,82"
484,Vernor,Wooles,vwoolesdf@cyberchimps.com,Male,Colombia,true,visa-electron,"€9551,35"
485,Hanna,Brozek,hbrozekdg@vistaprint.com,Female,China,true,diners-club-carte-blanche,"€6264,53"
486,Camey,McCuffie,cmccuffiedh@nydailynews.com,Male,Brazil,true,jcb,"€8809,36"
487,Niall,Brunsen,nbrunsendi@google.ca,Male,Poland,true,solo,"€6753,28"
488,Rachael,Farenden,rfarendendj@istockphoto.com,Female,Colombia,false,diners-club-enroute,"€3777,24"
489,Willi,Merill,wmerilldk@patch.com,Genderqueer,China,false,diners-club-carte-blanche,"€7274,11"
490,Chastity,Alberts,calbertsdl@linkedin.com,Female,Portugal,false,jcb,"€5478,80"
491,Opalina,Grzesiak,ogrzesiakdm@pinterest.com,Female,Trinidad and Tobago,true,bankcard,"€6024,76"
492,Kellby,Fairbridge,kfairbridgedn@youku.com,Male,Indonesia,false,laser,"€8905,85"
493,Tomkin,Wiltshaw,twiltshawdo@ustream.tv,Male,Russia,false,jcb,"€6070,39"
494,Georgena,Barling,gbarlingdp@stanford.edu,Female,China,false,jcb,"€4421,90"
495,Cesaro,Gemelli,cgemellidq@nba.com,Male,China,false,switch,"€6882,57"
496,Tod,Mylechreest,tmylechreestdr@drupal.org,Male,Philippines,false,jcb,"€5548,45"
497,Roda,Henrichs,rhenrichsds@answers.com,Female,Lithuania,true,americanexpress,"€4639,56"
498,Kelila,Maundrell,kmaundrelldt@redcross.org,Agender,Canada,false,jcb,"€4108,30"
499,Tiphani,Steger,tstegerdu@engadget.com,Female,Honduras,false,bankcard,"€3194,35"
500,Tabbie,Bravery,tbraverydv@eventbrite.com,Female,South Korea,true,switch,"€3481,44"
501,Matthus,Spencock,mspencockdw@theguardian.com,Male,China,true,mastercard,"€5868,76"
502,Jo-ann,Petry,jpetrydx@epa.gov,Female,Philippines,false,jcb,"€2606,07"
503,Marna,Castagneto,mcastagnetody@123-reg.co.uk,Female,Israel,false,diners-club-carte-blanche,"€8927,07"
504,Marj,Doncom,mdoncomdz@symantec.com,Female,Sweden,false,jcb,"€9215,58"
505,Madalyn,Clapshaw,mclapshawe0@qq.com,Female,Japan,true,americanexpress,"€2816,36"
506,Vinita,Bodycombe,vbodycombee1@craigslist.org,Agender,Russia,false,instapayment,"€5278,16"
507,Kalindi,Aymes,kaymese2@mac.com,Female,United States,true,instapayment,"€2834,63"
508,Blondy,Manifold,bmanifolde3@blinklist.com,Female,China,false,jcb,"€9426,60"
509,Dudley,Balshaw,dbalshawe4@freewebs.com,Male,China,true,jcb,"€3607,01"
510,Sianna,Barley,sbarleye5@flavors.me,Female,Indonesia,true,mastercard,"€9189,03"
511,Hi,Seadon,hseadone6@webeden.co.uk,Male,Philippines,true,laser,"€7666,47"
512,Mersey,Belverstone,mbelverstonee7@china.com.cn,Female,France,false,jcb,"€3025,11"
513,Noelle,Comi,ncomie8@bizjournals.com,Female,Portugal,false,jcb,"€7040,21"
514,Angelique,Davidovitch,adavidovitche9@chicagotribune.com,Female,Thailand,true,china-unionpay,"€9369,87"
515,Micheal,Labbey,mlabbeyea@meetup.com,Male,Colombia,true,diners-club-international,"€2020,49"
516,Conrade,Wandtke,cwandtkeeb@harvard.edu,Male,Myanmar,false,jcb,"€2538,77"
517,Winnah,Sperring,wsperringec@technorati.com,Bigender,China,false,americanexpress,"€4260,88"
518,Udell,Marden,umardened@msu.edu,Male,United States,false,jcb,"€7790,11"
519,Danell,MacCallum,dmaccallumee@geocities.jp,Bigender,Iran,true,diners-club-enroute,"€3315,04"
520,Emmy,McKeon,emckeonef@sogou.com,Female,China,true,mastercard,"€4043,42"
521,Harli,Rexworthy,hrexworthyeg@blinklist.com,Female,China,true,maestro,"€2598,14"
522,Faulkner,Crim,fcrimeh@psu.edu,Male,Morocco,true,visa,"€7295,45"
523,Pepita,Ick,pickei@addthis.com,Female,Indonesia,true,visa-electron,"€5611,36"
524,Jed,Doggerell,jdoggerellej@illinois.edu,Male,Ukraine,true,jcb,"€7020,10"
525,Morey,Korneichuk,mkorneichukek@1und1.de,Male,Russia,false,switch,"€7420,85"
526,Nikolas,Blint,nblintel@adobe.com,Genderqueer,France,true,china-unionpay,"€4286,51"
527,Celisse,Shah,cshahem@imgur.com,Female,Indonesia,true,jcb,"€9484,91"
528,Kanya,Birmingham,kbirminghamen@forbes.com,Female,China,false,jcb,"€5384,15"
529,Titos,Leifer,tleifereo@sbwire.com,Male,China,false,jcb,"€8555,56"
530,Leta,Bernaciak,lbernaciakep@japanpost.jp,Female,Libya,true,americanexpress,"€7369,47"
531,Hasty,Livermore,hlivermoreeq@businessweek.com,Male,Saudi Arabia,false,bankcard,"€2711,73"
532,Grove,Fandrich,gfandricher@ucoz.com,Male,Israel,false,maestro,"€6736,92"
533,Gussi,Harlow,gharlowes@plala.or.jp,Genderfluid,Indonesia,false,solo,"€5993,80"
534,Eugenia,Schreurs,eschreurset@redcross.org,Female,Philippines,false,maestro,"€8554,72"
535,Morgen,Cordall,mcordalleu@mac.com,Male,China,true,switch,"€9094,89"
536,Bren,Kondrat,bkondratev@mozilla.com,Male,Pakistan,true,jcb,"€2816,73"
537,Rabi,Seabrocke,rseabrockeew@yolasite.com,Male,France,false,maestro,"€4051,92"
538,Kiley,Meltetal,kmeltetalex@google.pl,Female,Portugal,true,americanexpress,"€5421,09"
539,Theo,Caslett,tcaslettey@globo.com,Female,Portugal,false,china-unionpay,"€3162,01"
540,Sherline,Sansom,ssansomez@issuu.com,Female,China,false,solo,"€3337,24"
541,Josh,Croot,jcrootf0@de.vu,Male,Colombia,true,jcb,"€4911,71"
542,Ardyce,Eaden,aeadenf1@odnoklassniki.ru,Female,Russia,true,maestro,"€5368,18"
543,Larine,Jefferd,ljefferdf2@addtoany.com,Female,Philippines,true,jcb,"€8100,39"
544,Roby,Roddam,rroddamf3@vkontakte.ru,Female,China,false,jcb,"€6206,94"
545,Dwain,Magnay,dmagnayf4@cpanel.net,Male,Panama,false,solo,"€8145,87"
546,Gustave,Draye,gdrayef5@msn.com,Male,China,false,visa,"€3886,64"
547,Torin,Rutherfoord,trutherfoordf6@oakley.com,Male,Maldives,true,solo,"€3866,23"
548,Artie,Kettles,akettlesf7@tripod.com,Male,Russia,false,jcb,"€4994,05"
549,Timoteo,Drohan,tdrohanf8@imdb.com,Polygender,Sweden,true,jcb,"€7000,86"
550,Bev,Denziloe,bdenziloef9@uiuc.edu,Male,South Africa,true,instapayment,"€3950,62"
551,Cammi,Scandwright,cscandwrightfa@dedecms.com,Female,Indonesia,true,jcb,"€6210,23"
552,Robinett,Tolomelli,rtolomellifb@economist.com,Female,Ukraine,false,jcb,"€7568,46"
553,Damon,Bridle,dbridlefc@harvard.edu,Male,Russia,true,diners-club-carte-blanche,"€7487,37"
554,Dale,Flatman,dflatmanfd@rakuten.co.jp,Male,Philippines,true,jcb,"€6449,16"
555,Clara,Robley,crobleyfe@bbc.co.uk,Female,Philippines,true,jcb,"€8780,08"
556,Maddie,Raulin,mraulinff@rambler.ru,Male,China,false,jcb,"€6049,46"
557,Aila,Kern,akernfg@free.fr,Female,Colombia,true,mastercard,"€9749,51"
558,Joelly,Wigginton,jwiggintonfh@state.gov,Female,China,true,mastercard,"€8856,43"
559,Jaclin,Errichiello,jerrichiellofi@imgur.com,Female,Thailand,true,diners-club-us-ca,"€3238,20"
560,Miles,Pughe,mpughefj@amazon.co.uk,Male,Argentina,true,jcb,"€4370,05"
561,Janek,Huston,jhustonfk@seesaa.net,Male,Indonesia,false,diners-club-carte-blanche,"€8003,59"
562,Elsey,Fowlie,efowliefl@slate.com,Female,China,true,jcb,"€3911,49"
563,Griffith,Kiss,gkissfm@nsw.gov.au,Male,United States,false,jcb,"€7739,43"
564,Sloane,Gittens,sgittensfn@un.org,Male,France,true,jcb,"€7902,93"
565,Geoffry,Petrello,gpetrellofo@wsj.com,Male,China,true,mastercard,"€7345,73"
566,Hi,Davidovitch,hdavidovitchfp@xrea.com,Male,China,true,jcb,"€9393,13"
567,Chadwick,Dods,cdodsfq@constantcontact.com,Genderfluid,Dominican Republic,true,china-unionpay,"€8206,39"
568,Joey,Klagges,jklaggesfr@fema.gov,Male,Brazil,true,jcb,"€4668,43"
569,Maryanna,Taudevin,mtaudevinfs@issuu.com,Female,Cyprus,false,jcb,"€5540,38"
570,Malachi,Gamon,mgamonft@samsung.com,Agender,Samoa,true,jcb,"€7934,41"
571,Nico,Van der Mark,nvandermarkfu@blogtalkradio.com,Male,China,true,jcb,"€3201,93"
572,Tobit,Jedrzejczak,tjedrzejczakfv@e-recht24.de,Male,China,true,switch,"€6208,82"
573,Stillmann,Gosby,sgosbyfw@jugem.jp,Male,China,false,visa-electron,"€9215,69"
574,Burg,Semeniuk,bsemeniukfx@feedburner.com,Male,Morocco,false,laser,"€2446,11"
575,Kathleen,Basey,kbaseyfy@addtoany.com,Female,Iran,true,jcb,"€8776,09"
576,Micheil,Worms,mwormsfz@theatlantic.com,Male,Sri Lanka,false,jcb,"€9392,40"
577,Genovera,Fulham,gfulhamg0@pcworld.com,Female,United States,false,maestro,"€2873,77"
578,Shurlocke,Muzzall,smuzzallg1@github.com,Male,Poland,true,jcb,"€9635,76"
579,Claire,Giorgiutti,cgiorgiuttig2@dell.com,Female,Philippines,true,jcb,"€3297,79"
580,Rozelle,Bolsteridge,rbolsteridgeg3@shop-pro.jp,Non-binary,El Salvador,true,jcb,"€5741,57"
581,Camala,MacPeice,cmacpeiceg4@va.gov,Female,Morocco,false,visa-electron,"€6798,39"
582,Fernanda,Heathwood,fheathwoodg5@engadget.com,Female,Greece,false,jcb,"€2322,47"
583,Tanner,Webling,tweblingg6@xing.com,Male,Czech Republic,false,mastercard,"€5432,69"
584,Danny,Ridgewell,dridgewellg7@joomla.org,Male,China,false,bankcard,"€6834,84"
585,Suzanna,Cardello,scardellog8@nytimes.com,Female,Gambia,true,diners-club-carte-blanche,"€6305,10"
586,York,Simmings,ysimmingsg9@moonfruit.com,Male,Bosnia and Herzegovina,true,china-unionpay,"€7371,72"
587,Truda,Dysart,tdysartga@umich.edu,Female,Sweden,true,jcb,"€3044,55"
588,Damaris,Maharry,dmaharrygb@g.co,Female,Saint Vincent and the Grenadines,false,jcb,"€2633,12"
589,Rudd,Pollins,rpollinsgc@archive.org,Male,China,false,jcb,"€8639,62"
590,Elita,Brayford,ebrayfordgd@toplist.cz,Female,Egypt,false,china-unionpay,"€4815,79"
591,Fania,Chrystal,fchrystalge@sina.com.cn,Female,Malaysia,true,jcb,"€5497,92"
592,Justis,Dowson,jdowsongf@discovery.com,Male,Comoros,false,maestro,"€9653,23"
593,Jamison,Darinton,jdarintongg@bloglines.com,Male,Russia,true,bankcard,"€8267,30"
594,Neala,Worgan,nworgangh@ehow.com,Female,Sri Lanka,false,diners-club-carte-blanche,"€4402,01"
595,Beryl,Screaton,bscreatongi@myspace.com,Female,Brazil,false,jcb,"€6547,68"
596,Lizzie,Swaddle,lswaddlegj@wordpress.com,Female,Indonesia,true,bankcard,"€6199,95"
597,Preston,Feragh,pferaghgk@netscape.com,Male,Czech Republic,false,diners-club-carte-blanche,"€5949,08"
598,Hazel,Lark,hlarkgl@xrea.com,Non-binary,Russia,true,visa-electron,"€8760,07"
599,Lilla,Murby,lmurbygm@tiny.cc,Female,Canada,false,diners-club-carte-blanche,"€4349,90"
600,Chelsie,Cisland,ccislandgn@usatoday.com,Female,Philippines,true,visa,"€5105,35"
601,Edvard,Lancastle,elancastlego@ca.gov,Male,France,false,visa-electron,"€8004,05"
602,Sloane,Perello,sperellogp@omniture.com,Agender,Poland,false,visa,"€8558,65"
603,Katherina,Demelt,kdemeltgq@berkeley.edu,Female,China,false,mastercard,"€7351,79"
604,Ricki,Jurisch,rjurischgr@yolasite.com,Female,Philippines,true,jcb,"€6872,70"
605,Kimble,Grinaugh,kgrinaughgs@elegantthemes.com,Male,Serbia,true,jcb,"€8474,59"
606,Donielle,Greenway,dgreenwaygt@fema.gov,Female,Croatia,false,china-unionpay,"€6924,06"
607,Tommie,Denerley,tdenerleygu@miitbeian.gov.cn,Male,Finland,true,mastercard,"€4370,78"
608,Addison,Fairall,afairallgv@accuweather.com,Male,Portugal,false,jcb,"€5441,04"
609,Fabiano,Gerrard,fgerrardgw@jiathis.com,Male,United States,false,jcb,"€6170,31"
610,Betsy,Braundt,bbraundtgx@noaa.gov,Agender,Ukraine,true,jcb,"€4595,73"
611,Pippy,Peschet,ppeschetgy@vk.com,Female,China,true,jcb,"€5811,40"
612,Byrann,Razzell,brazzellgz@admin.ch,Male,Ireland,true,jcb,"€9614,57"
613,Parsifal,Pavier,ppavierh0@ameblo.jp,Male,Indonesia,true,jcb,"€5281,75"
614,Bengt,Bryer,bbryerh1@bloomberg.com,Male,France,true,bankcard,"€4960,13"
615,Clarinda,Maker,cmakerh2@baidu.com,Polygender,Ireland,true,laser,"€8275,34"
616,Shurlocke,Blesing,sblesingh3@joomla.org,Male,Yemen,true,diners-club-enroute,"€9714,46"
617,Maris,Adamovitch,madamovitchh4@simplemachines.org,Female,Ukraine,false,jcb,"€4239,63"
618,Kaspar,Breeder,kbreederh5@discovery.com,Male,Russia,false,jcb,"€4789,18"
619,Sisile,Dutteridge,sdutteridgeh6@livejournal.com,Female,Croatia,false,switch,"€6048,00"
620,Mortimer,McGall,mmcgallh7@taobao.com,Male,Nigeria,true,switch,"€7863,25"
621,Eryn,Beardsley,ebeardsleyh8@gmpg.org,Female,Venezuela,false,china-unionpay,"€8497,59"
622,Ester,Rix,erixh9@census.gov,Female,France,true,americanexpress,"€4315,67"
623,Evita,Genner,egennerha@vk.com,Female,Indonesia,false,americanexpress,"€4927,15"
624,Teodoor,Goodere,tgooderehb@scientificamerican.com,Male,China,true,diners-club-enroute,"€5797,57"
625,Ruprecht,Balharrie,rbalharriehc@amazon.com,Male,Jordan,true,jcb,"€5598,25"
626,Hammad,Galbraeth,hgalbraethhd@parallels.com,Male,China,false,instapayment,"€3408,79"
627,Clo,Oxenden,coxendenhe@mashable.com,Female,Sweden,true,visa,"€7937,98"
628,Alissa,Yushkov,ayushkovhf@techcrunch.com,Female,Philippines,true,jcb,"€3171,12"
629,Lucille,Castel,lcastelhg@slashdot.org,Female,China,false,bankcard,"€6032,03"
630,Iseabal,Mariyushkin,imariyushkinhh@cpanel.net,Female,United States,true,jcb,"€6610,54"
631,Flory,Seal,fsealhi@google.de,Female,Mexico,true,jcb,"€5726,85"
632,Pauly,Surridge,psurridgehj@clickbank.net,Male,Portugal,true,switch,"€8418,92"
633,Bartholomew,Curnick,bcurnickhk@cdbaby.com,Male,Venezuela,false,jcb,"€6461,43"
634,Jessalyn,Lemm,jlemmhl@tumblr.com,Female,China,true,laser,"€3245,77"
635,Chaddy,Henze,chenzehm@unc.edu,Male,Canada,false,switch,"€2555,39"
636,Borg,Deavin,bdeavinhn@exblog.jp,Male,Serbia,true,maestro,"€9368,86"
637,Paulita,Sheara,pshearaho@goo.gl,Female,Indonesia,true,americanexpress,"€9754,35"
638,Iona,Benoit,ibenoithp@cam.ac.uk,Female,United States,true,maestro,"€9922,68"
639,Frasco,Carneck,fcarneckhq@howstuffworks.com,Male,Sweden,true,jcb,"€3673,15"
640,Markus,Creaney,mcreaneyhr@mozilla.org,Male,Portugal,true,jcb,"€3523,16"
641,Yorgos,Kleiser,ykleiserhs@china.com.cn,Male,France,false,jcb,"€5710,27"
642,Kristin,Petrozzi,kpetrozziht@so-net.ne.jp,Female,Brazil,true,jcb,"€3726,10"
643,Hermina,Brakewell,hbrakewellhu@marriott.com,Female,Philippines,true,visa-electron,"€2346,58"
644,Annie,Povele,apovelehv@4shared.com,Female,Slovenia,true,americanexpress,"€3471,74"
645,Chic,Clunie,ccluniehw@amazon.com,Male,Malaysia,false,jcb,"€3199,01"
646,Anna-diane,Cavaney,acavaneyhx@ehow.com,Female,China,false,jcb,"€5477,81"
647,Amargo,MacNeice,amacneicehy@webs.com,Female,Indonesia,false,diners-club-carte-blanche,"€6015,09"
648,Brigg,MacCartan,bmaccartanhz@printfriendly.com,Male,Indonesia,false,jcb,"€4508,99"
649,Hanny,Kosel,hkoseli0@usgs.gov,Female,Portugal,false,jcb,"€8461,57"
650,Gwynne,Vakhrushev,gvakhrushevi1@globo.com,Female,Brazil,false,jcb,"€3107,49"
651,Slade,Leasor,sleasori2@ebay.co.uk,Male,France,false,jcb,"€8574,42"
652,Ase,Palatino,apalatinoi3@tripadvisor.com,Male,China,false,mastercard,"€8085,16"
653,Stirling,Mohammad,smohammadi4@icq.com,Male,United States,true,maestro,"€4035,89"
654,Leonanie,Arnow,larnowi5@vinaora.com,Agender,Montenegro,false,jcb,"€2123,36"
655,Ebonee,Darke,edarkei6@elpais.com,Bigender,Poland,true,diners-club-enroute,"€5883,44"
656,Mitzi,Bertlin,mbertlini7@prlog.org,Female,China,true,jcb,"€8790,08"
657,Austin,Burwell,aburwelli8@a8.net,Female,Haiti,true,jcb,"€6806,73"
658,Jory,Woffenden,jwoffendeni9@wufoo.com,Male,Poland,false,diners-club-enroute,"€5682,96"
659,Verene,Neligan,vneligania@behance.net,Female,Portugal,false,maestro,"€7439,68"
660,Haywood,Coper,hcoperib@bbb.org,Male,Croatia,true,instapayment,"€4175,69"
661,Emogene,Reijmers,ereijmersic@cloudflare.com,Female,Macedonia,true,diners-club-us-ca,"€5850,33"
662,Lola,Cock,lcockid@deliciousdays.com,Female,Sweden,true,jcb,"€8208,76"
663,Max,Dashkov,mdashkovie@cbslocal.com,Genderfluid,France,true,china-unionpay,"€5180,97"
664,Mose,Langshaw,mlangshawif@shutterfly.com,Male,Brazil,true,americanexpress,"€7772,98"
665,Chadwick,Drewett,cdrewettig@hc360.com,Male,Russia,false,jcb,"€6495,89"
666,Herrick,Oughtright,houghtrightih@miitbeian.gov.cn,Male,China,false,jcb,"€6224,35"
667,Carlin,Top,ctopii@vk.com,Female,Mongolia,true,switch,"€7700,82"
668,Corabelle,Warry,cwarryij@businessinsider.com,Female,Serbia,false,mastercard,"€6936,67"
669,Brigitta,Sturgess,bsturgessik@nps.gov,Female,Myanmar,false,china-unionpay,"€6381,59"
670,Zuzana,Coverdale,zcoverdaleil@yahoo.com,Female,Cameroon,false,jcb,"€2880,78"
671,Calhoun,Georghiou,cgeorghiouim@cdbaby.com,Male,Philippines,true,americanexpress,"€9121,12"
672,Gwendolyn,Bote,gbotein@oakley.com,Bigender,Russia,false,jcb,"€9984,36"
673,Gavin,Vella,gvellaio@auda.org.au,Male,Philippines,true,americanexpress,"€5912,83"
674,Justine,Woodrough,jwoodroughip@admin.ch,Female,Philippines,false,mastercard,"€4924,36"
675,Ethan,FitzAlan,efitzalaniq@yahoo.co.jp,Male,China,false,solo,"€5879,96"
676,Des,Skellington,dskellingtonir@microsoft.com,Male,Trinidad and Tobago,true,jcb,"€2458,98"
677,Mayer,Frobisher,mfrobisheris@harvard.edu,Male,Greece,true,diners-club-us-ca,"€4927,80"
678,Carter,Overill,coverillit@nytimes.com,Male,Brazil,true,switch,"€6729,32"
679,Noel,Wilstead,nwilsteadiu@spotify.com,Male,Brazil,true,diners-club-carte-blanche,"€4922,27"
680,Gareth,Ropp,groppiv@tripod.com,Male,Syria,false,laser,"€2206,22"
681,Rutherford,Jerrems,rjerremsiw@people.com.cn,Male,Czech Republic,false,china-unionpay,"€3435,39"
682,Nara,Pelz,npelzix@plala.or.jp,Female,Czech Republic,true,maestro,"€4910,92"
683,Hilarius,Zanioletti,hzaniolettiiy@multiply.com,Male,Indonesia,true,visa-electron,"€7182,92"
684,Dewain,Lamberti,dlambertiiz@npr.org,Male,Brazil,false,mastercard,"€2455,57"
685,Hyman,Vanyukov,hvanyukovj0@wikispaces.com,Male,Russia,false,mastercard,"€6097,93"
686,Alexandros,Oehm,aoehmj1@nasa.gov,Male,Indonesia,false,mastercard,"€3770,44"
687,Evie,Norwood,enorwoodj2@stumbleupon.com,Female,China,true,jcb,"€5056,74"
688,Florri,Morville,fmorvillej3@networksolutions.com,Female,Poland,true,china-unionpay,"€8908,26"
689,Hillary,Leggott,hleggottj4@newsvine.com,Male,Honduras,false,switch,"€5884,99"
690,Egon,Popham,epophamj5@histats.com,Male,Uganda,true,americanexpress,"€8211,16"
691,Elna,Tarpey,etarpeyj6@printfriendly.com,Female,China,true,americanexpress,"€8652,53"
692,Barbara,Couzens,bcouzensj7@zimbio.com,Female,France,true,mastercard,"€2215,71"
693,Chelsea,Boshers,cboshersj8@amazon.com,Female,Indonesia,false,jcb,"€7046,15"
694,Alejandrina,Chsteney,achsteneyj9@mayoclinic.com,Female,United States,true,diners-club-carte-blanche,"€9245,87"
695,Luis,Goor,lgoorja@yandex.ru,Male,United States,false,diners-club-enroute,"€3242,76"
696,Otha,Clout,ocloutjb@mapquest.com,Female,Indonesia,false,china-unionpay,"€5607,03"
697,Farleigh,Orneblow,forneblowjc@noaa.gov,Male,China,true,jcb,"€9430,18"
698,Sydney,Figure,sfigurejd@opensource.org,Male,Estonia,false,jcb,"€4075,40"
699,Heida,Freckelton,hfreckeltonje@people.com.cn,Bigender,Brazil,false,americanexpress,"€8550,58"
700,Danni,Jurges,djurgesjf@umn.edu,Female,Latvia,true,jcb,"€2668,24"
701,Herbert,Garwill,hgarwilljg@sphinn.com,Male,France,true,jcb,"€7970,86"
702,Elfrida,Drinkhill,edrinkhilljh@icq.com,Female,Chile,true,jcb,"€6902,89"
703,Nada,Dimmock,ndimmockji@unicef.org,Female,Indonesia,true,jcb,"€6175,21"
704,Richard,Westmarland,rwestmarlandjj@uiuc.edu,Male,Japan,false,jcb,"€6019,39"
705,Tine,Stouther,tstoutherjk@comsenz.com,Polygender,Russia,false,visa-electron,"€9542,13"
706,Murry,Anwyl,manwyljl@slate.com,Male,Russia,true,jcb,"€7388,53"
707,Correy,Delafont,cdelafontjm@weibo.com,Male,Latvia,false,laser,"€8441,86"
708,Jaquith,Shapiro,jshapirojn@marriott.com,Female,Myanmar,true,diners-club-carte-blanche,"€6111,44"
709,Wilden,Curds,wcurdsjo@mac.com,Male,Malaysia,false,switch,"€2573,92"
710,Demetris,Orris,dorrisjp@japanpost.jp,Female,Czech Republic,true,jcb,"€9983,03"
711,Abbe,Caught,acaughtjq@time.com,Female,Peru,true,maestro,"€5920,70"
712,Salomi,Garwill,sgarwilljr@tripod.com,Female,Argentina,false,jcb,"€4749,05"
713,Constantina,Christoffersen,cchristoffersenjs@google.co.uk,Female,Russia,false,maestro,"€4409,88"
714,Dorella,Wollaston,dwollastonjt@addtoany.com,Female,Brazil,false,mastercard,"€4200,05"
715,Avis,O Mullen,aomullenju@prnewswire.com,Agender,Mexico,true,laser,"€9976,40"
716,Brit,Lothlorien,blothlorienjv@dailymotion.com,Female,China,true,jcb,"€8524,24"
717,Aguistin,Beaby,abeabyjw@umn.edu,Male,Mongolia,true,diners-club-carte-blanche,"€3336,14"
718,Maximilian,Salerg,msalergjx@cyberchimps.com,Male,Cuba,true,jcb,"€3498,91"
719,Carry,Durston,cdurstonjy@globo.com,Female,North Korea,false,solo,"€5071,27"
720,Kellia,Wykey,kwykeyjz@cbslocal.com,Female,Azerbaijan,false,china-unionpay,"€8811,33"
721,Sondra,Bennett,sbennettk0@hexun.com,Female,China,true,diners-club-enroute,"€4622,15"
722,Amil,Harrigan,aharrigank1@ibm.com,Female,France,true,laser,"€3062,00"
723,Leland,Aleveque,lalevequek2@cnet.com,Male,China,true,diners-club-international,"€8421,70"
724,Myer,Coole,mcoolek3@istockphoto.com,Bigender,Russia,false,diners-club-us-ca,"€8976,99"
725,Tiffanie,Giovanazzi,tgiovanazzik4@moonfruit.com,Genderqueer,China,true,jcb,"€8233,88"
726,Reynolds,Culpin,rculpink5@barnesandnoble.com,Male,France,false,jcb,"€4512,22"
727,Fina,Coyish,fcoyishk6@shinystat.com,Female,China,true,jcb,"€4294,83"
728,Emory,Chipps,echippsk7@marriott.com,Male,Indonesia,true,jcb,"€6358,05"
729,Molly,Lamberton,mlambertonk8@163.com,Female,Greece,false,jcb,"€3518,18"
730,Marketa,Crilley,mcrilleyk9@upenn.edu,Female,China,false,jcb,"€7770,15"
731,Chev,Chason,cchasonka@bandcamp.com,Male,Indonesia,true,visa,"€5387,57"
732,Ambrosio,Andersen,aandersenkb@stumbleupon.com,Male,Cameroon,true,jcb,"€3975,20"
733,Clari,Longhorn,clonghornkc@soundcloud.com,Female,Ukraine,false,switch,"€4233,38"
734,Lorrin,Ragles,lragleskd@e-recht24.de,Female,Portugal,true,jcb,"€2802,81"
735,Karly,Milner,kmilnerke@multiply.com,Female,Oman,false,maestro,"€2985,44"
736,Palm,Andrichak,pandrichakkf@ibm.com,Male,Japan,true,switch,"€6834,47"
737,Maximo,Vinecombe,mvinecombekg@cdc.gov,Male,Portugal,false,americanexpress,"€9111,28"
738,Murielle,Downing,mdowningkh@sun.com,Female,Sweden,true,diners-club-carte-blanche,"€8781,34"
739,Nicolle,Kirvin,nkirvinki@yahoo.com,Agender,Indonesia,true,diners-club-us-ca,"€8287,13"
740,Bridgette,Dorsey,bdorseykj@reverbnation.com,Female,Lebanon,true,jcb,"€3146,06"
741,Wallas,Farfalameev,wfarfalameevkk@freewebs.com,Male,Peru,true,jcb,"€2252,56"
742,Paige,Strelitzer,pstrelitzerkl@bloomberg.com,Male,China,true,mastercard,"€9279,36"
743,Yolande,Greatbach,ygreatbachkm@msn.com,Female,Indonesia,false,jcb,"€2920,44"
744,Rorie,Twinning,rtwinningkn@earthlink.net,Female,East Timor,false,maestro,"€3570,23"
745,Denny,Dahler,ddahlerko@ted.com,Male,Mexico,true,maestro,"€4730,39"
746,Taddeo,Reekie,treekiekp@mtv.com,Genderfluid,Brazil,true,jcb,"€8264,60"
747,Jessey,O'Hickey,johickeykq@github.io,Male,Brazil,false,jcb,"€3197,62"
748,Court,Harder,charderkr@tinyurl.com,Male,Uruguay,false,jcb,"€8489,85"
749,Roldan,Elcoate,relcoateks@ustream.tv,Male,Poland,false,maestro,"€8474,83"
750,Mozelle,Crosson,mcrossonkt@hugedomains.com,Female,Mozambique,false,jcb,"€2266,13"
751,Ninetta,Abrahmer,nabrahmerku@quantcast.com,Genderfluid,United States,true,solo,"€8897,35"
752,Baxie,Olech,bolechkv@npr.org,Male,China,false,mastercard,"€4304,06"
753,Leeann,Lelande,llelandekw@cloudflare.com,Female,Philippines,false,mastercard,"€9433,96"
754,Lydia,Duer,lduerkx@g.co,Female,Indonesia,false,china-unionpay,"€3615,99"
755,Dominick,Po,dpoky@wunderground.com,Male,North Korea,true,jcb,"€4596,41"
756,Valentijn,Belfrage,vbelfragekz@paypal.com,Male,Portugal,true,diners-club-enroute,"€8982,42"
757,Helga,Moline,hmolinel0@usnews.com,Female,France,false,jcb,"€7013,10"
758,Caleb,Yosifov,cyosifovl1@ebay.com,Male,Greece,false,jcb,"€9220,94"
759,Terrie,Audley,taudleyl2@goodreads.com,Female,Czech Republic,true,diners-club-enroute,"€8186,92"
760,Blondelle,Sandal,bsandall3@ask.com,Female,Poland,false,switch,"€7195,73"
761,Brigida,Dollimore,bdollimorel4@technorati.com,Female,Canada,true,mastercard,"€2041,44"
762,Sheffield,Schwand,sschwandl5@phoca.cz,Male,Azerbaijan,true,mastercard,"€6999,84"
763,Leroy,Greensite,lgreensitel6@cmu.edu,Male,Czech Republic,true,diners-club-enroute,"€7368,64"
764,Lincoln,Stickens,lstickensl7@newyorker.com,Male,Macedonia,true,jcb,"€3012,26"
765,Michaela,Verdie,mverdiel8@1688.com,Female,Mali,false,jcb,"€2314,76"
766,Dal,Elintune,delintunel9@barnesandnoble.com,Male,Belarus,true,jcb,"€9779,34"
767,Gunar,Karle,gkarlela@yelp.com,Genderqueer,China,true,switch,"€3254,09"
768,Melonie,Lohmeyer,mlohmeyerlb@over-blog.com,Female,Czech Republic,true,jcb,"€8014,68"
769,Merline,Neilands,mneilandslc@mtv.com,Female,Syria,false,jcb,"€2275,52"
770,Friedrick,Sheather,fsheatherld@cornell.edu,Male,Philippines,true,mastercard,"€5911,23"
771,Tabatha,Besnard,tbesnardle@accuweather.com,Female,China,false,bankcard,"€4181,41"
772,Estelle,Burcher,eburcherlf@sitemeter.com,Female,France,false,mastercard,"€9205,57"
773,Jaime,Clemon,jclemonlg@youtube.com,Male,Sweden,true,jcb,"€5176,38"
774,Gabi,Loveridge,gloveridgelh@sogou.com,Female,China,true,china-unionpay,"€5815,94"
775,Nathaniel,Lilleman,nlillemanli@netvibes.com,Male,Philippines,false,jcb,"€2059,29"
776,Othilia,Kuhn,okuhnlj@umn.edu,Female,Sweden,true,mastercard,"€5493,01"
777,Verge,Tofanini,vtofaninilk@dell.com,Genderqueer,China,false,jcb,"€7625,27"
778,Corty,Harcus,charcusll@latimes.com,Male,Indonesia,false,china-unionpay,"€5700,77"
779,Star,Colcutt,scolcuttlm@xrea.com,Female,Poland,true,jcb,"€8016,13"
780,Timothee,McAne,tmcaneln@yelp.com,Male,Spain,false,jcb,"€2578,54"
781,Mariel,Gillison,mgillisonlo@usgs.gov,Female,Ukraine,false,jcb,"€6706,67"
782,Phil,Abbott,pabbottlp@last.fm,Male,Philippines,true,china-unionpay,"€4935,56"
783,Camellia,Asprey,caspreylq@wired.com,Non-binary,Serbia,false,jcb,"€5668,19"
784,Agosto,Sodory,asodorylr@msn.com,Male,Iraq,false,diners-club-international,"€6924,40"
785,Dredi,Ferrarin,dferrarinls@alibaba.com,Female,Indonesia,true,maestro,"€8042,21"
786,Carolin,Crosswaite,ccrosswaitelt@themeforest.net,Female,China,true,jcb,"€8010,32"
787,Kelli,Wyon,kwyonlu@amazon.co.jp,Female,Croatia,false,diners-club-enroute,"€9274,25"
788,Candie,Spittle,cspittlelv@weibo.com,Female,China,true,instapayment,"€7621,36"
789,Devina,Alderwick,dalderwicklw@mozilla.org,Female,Peru,false,mastercard,"€8107,55"
790,Winfred,Ellam,wellamlx@sohu.com,Bigender,Ukraine,true,jcb,"€8043,03"
791,Juanita,Ogan,joganly@xing.com,Female,Brazil,true,jcb,"€8676,81"
792,Glad,Meins,gmeinslz@symantec.com,Female,China,false,jcb,"€4086,32"
793,Sheppard,Widocks,swidocksm0@omniture.com,Male,China,false,maestro,"€5169,72"
794,Hillary,Gough,hgoughm1@printfriendly.com,Male,Indonesia,false,mastercard,"€7910,93"
795,Astra,Pontain,apontainm2@youtu.be,Female,Indonesia,false,maestro,"€2806,21"
796,Gonzales,Whannel,gwhannelm3@wikia.com,Genderfluid,China,false,diners-club-carte-blanche,"€3953,86"
797,Coletta,Heys,cheysm4@freewebs.com,Female,Nicaragua,false,jcb,"€6242,63"
798,Bethena,Gott,bgottm5@cdc.gov,Female,Russia,true,jcb,"€9197,37"
799,Jerrilee,Cheng,jchengm6@hhs.gov,Female,South Africa,false,maestro,"€5532,33"
800,Ruddy,Monteaux,rmonteauxm7@webnode.com,Male,Ivory Coast,false,instapayment,"€7470,82"
801,Dede,Harly,dharlym8@independent.co.uk,Female,Philippines,true,jcb,"€7218,96"
802,Clementina,McLagain,cmclagainm9@guardian.co.uk,Female,Kenya,false,mastercard,"€3996,20"
803,Reinald,Scyner,rscynerma@utexas.edu,Male,Philippines,true,visa,"€4300,07"
804,Christan,Achrameev,cachrameevmb@google.co.uk,Female,Sweden,false,maestro,"€4051,91"
805,Sibyl,Buckbee,sbuckbeemc@fda.gov,Male,France,false,diners-club-enroute,"€5098,74"
806,Kristofor,Standage,kstandagemd@trellian.com,Male,Japan,false,maestro,"€3182,18"
807,Jacquelynn,Jerdan,jjerdanme@histats.com,Female,Spain,true,jcb,"€7925,34"
808,Clotilda,Faucherand,cfaucherandmf@alibaba.com,Female,Poland,true,jcb,"€3722,33"
809,Kort,Brookz,kbrookzmg@123-reg.co.uk,Male,Russia,false,jcb,"€5133,01"
810,Guillaume,Iiannoni,giiannonimh@skype.com,Male,China,true,mastercard,"€7211,55"
811,Janeta,O'Nion,jonionmi@google.com.au,Female,Chile,false,mastercard,"€6832,07"
812,Patric,Vagges,pvaggesmj@storify.com,Male,Myanmar,true,americanexpress,"€2786,80"
813,Eldredge,Harvard,eharvardmk@europa.eu,Male,Malta,true,solo,"€5270,54"
814,Fredek,Spraggs,fspraggsml@si.edu,Male,France,false,jcb,"€7021,85"
815,Margarethe,Castillo,mcastillomm@comcast.net,Female,Brazil,true,jcb,"€5101,71"
816,Farleigh,Heisham,fheishammn@live.com,Male,Paraguay,true,jcb,"€4945,92"
817,Halli,Bruneton,hbrunetonmo@umn.edu,Female,Indonesia,false,jcb,"€9825,16"
818,Hildagarde,Nurny,hnurnymp@tumblr.com,Female,Brazil,false,jcb,"€8976,62"
819,Isis,Alyonov,ialyonovmq@adobe.com,Female,Portugal,true,diners-club-carte-blanche,"€5939,57"
820,Amby,Klebes,aklebesmr@yellowpages.com,Male,Armenia,true,jcb,"€8200,13"
821,Susy,Philippson,sphilippsonms@tripadvisor.com,Female,Indonesia,true,jcb,"€7025,69"
822,Catlaina,Abramowsky,cabramowskymt@europa.eu,Polygender,Uzbekistan,true,americanexpress,"€5010,98"
823,Leontine,Wickes,lwickesmu@tiny.cc,Female,United Arab Emirates,true,maestro,"€2172,28"
824,Bent,Axel,baxelmv@t.co,Male,China,true,jcb,"€2722,16"
825,Catherina,Folini,cfolinimw@ucoz.com,Female,Indonesia,false,visa-electron,"€6407,31"
826,Marion,Lanfranchi,mlanfranchimx@hibu.com,Female,Indonesia,true,jcb,"€7785,01"
827,Cammy,Glidder,cgliddermy@nationalgeographic.com,Male,Tanzania,true,visa-electron,"€9987,66"
828,Rodney,Allchorne,rallchornemz@1688.com,Male,China,true,americanexpress,"€4278,21"
829,Vachel,Barnby,vbarnbyn0@sciencedaily.com,Male,China,false,americanexpress,"€5273,97"
830,Viki,Fitchen,vfitchenn1@cloudflare.com,Female,Morocco,false,solo,"€8002,20"
831,Homerus,Renihan,hrenihann2@digg.com,Male,Poland,false,jcb,"€4505,22"
832,Piper,Spellissy,pspellissyn3@google.co.jp,Female,China,false,jcb,"€2339,89"
833,Keith,Huggens,khuggensn4@vinaora.com,Polygender,Palestinian Territory,false,visa-electron,"€3658,24"
834,Steven,Laden,sladenn5@yolasite.com,Male,Canada,false,bankcard,"€5663,52"
835,Dario,Badwick,dbadwickn6@yelp.com,Male,China,false,visa,"€5800,40"
836,Domenic,Vaisey,dvaiseyn7@printfriendly.com,Male,Mexico,true,jcb,"€9984,66"
837,Auria,Di Matteo,adimatteon8@blogs.com,Female,Sweden,false,laser,"€2648,58"
838,Fulvia,Malham,fmalhamn9@marketwatch.com,Female,Israel,false,jcb,"€4181,27"
839,Niki,Brookes,nbrookesna@archive.org,Female,Philippines,false,mastercard,"€9012,69"
840,Lorene,Clews,lclewsnb@acquirethisname.com,Female,China,true,laser,"€5468,71"
841,Beitris,Gipson,bgipsonnc@statcounter.com,Female,Indonesia,false,diners-club-carte-blanche,"€2951,37"
842,Sheppard,Tonepohl,stonepohlnd@apple.com,Male,Brazil,true,jcb,"€6560,76"
843,Garreth,Cluet,gcluetne@jugem.jp,Male,Japan,true,jcb,"€4162,31"
844,Carlos,Warsop,cwarsopnf@free.fr,Male,China,true,mastercard,"€4112,64"
845,Moria,Cardenosa,mcardenosang@utexas.edu,Female,China,false,jcb,"€8089,91"
846,Marve,Huggen,mhuggennh@over-blog.com,Male,Somalia,false,switch,"€5898,01"
847,Tildy,Butter,tbutterni@webmd.com,Female,France,true,jcb,"€3147,10"
848,Sophronia,Stiegars,sstiegarsnj@youku.com,Female,Japan,false,diners-club-enroute,"€7637,23"
849,Gusella,Everit,geveritnk@squarespace.com,Bigender,Czech Republic,false,jcb,"€7184,23"
850,Ollie,Willcocks,owillcocksnl@dailymail.co.uk,Male,Sri Lanka,false,jcb,"€7322,41"
851,Clemens,Quinell,cquinellnm@wikipedia.org,Male,Peru,false,mastercard,"€6856,84"
852,Willey,Pfeffle,wpfefflenn@163.com,Male,Guatemala,false,switch,"€6939,73"
853,Abbie,Glenn,aglennno@vinaora.com,Male,Russia,true,jcb,"€7787,54"
854,Emelda,Michiel,emichielnp@de.vu,Female,Czech Republic,false,mastercard,"€6683,36"
855,Zacharie,Desaur,zdesaurnq@ifeng.com,Male,Vietnam,true,maestro,"€6364,46"
856,Kyle,Godar,kgodarnr@latimes.com,Bigender,Indonesia,true,jcb,"€4068,00"
857,Cecile,Skirling,cskirlingns@ibm.com,Female,China,false,jcb,"€3309,27"
858,Abdel,Tremberth,atremberthnt@prnewswire.com,Male,Czech Republic,true,jcb,"€9481,90"
859,Travus,Bedenham,tbedenhamnu@wisc.edu,Agender,China,false,maestro,"€7059,25"
860,Barnie,Skillitt,bskillittnv@tamu.edu,Non-binary,Indonesia,true,jcb,"€7170,60"
861,Sibyl,Gubbin,sgubbinnw@oakley.com,Non-binary,Indonesia,false,laser,"€2373,68"
862,Morey,Kippling,mkipplingnx@biblegateway.com,Male,China,true,jcb,"€6812,26"
863,Wilt,Lindgren,wlindgrenny@economist.com,Male,Albania,false,jcb,"€7520,39"
864,Doyle,Mabone,dmabonenz@shareasale.com,Male,Antigua and Barbuda,false,jcb,"€5055,36"
865,Vanni,Keppel,vkeppelo0@trellian.com,Agender,Costa Rica,true,diners-club-carte-blanche,"€3876,87"
866,Shawna,Burndred,sburndredo1@mit.edu,Female,Panama,true,jcb,"€5221,99"
867,Cyndi,Soppitt,csoppitto2@jigsy.com,Female,France,false,jcb,"€7878,52"
868,Mirelle,Pursehouse,mpursehouseo3@comsenz.com,Polygender,Zambia,true,jcb,"€2630,73"
869,Kathi,Petrillo,kpetrilloo4@apple.com,Female,China,false,maestro,"€9453,71"
870,Jordana,Drysdall,jdrysdallo5@yale.edu,Female,Brazil,true,jcb,"€6232,55"
871,Bab,Hellen,bhelleno6@aboutads.info,Female,Netherlands,true,maestro,"€4297,04"
872,Huey,Klima,hklimao7@ucsd.edu,Male,Poland,false,jcb,"€8659,94"
873,Chilton,Judkin,cjudkino8@ed.gov,Male,Russia,false,jcb,"€6062,54"
874,Elvis,Follacaro,efollacaroo9@hexun.com,Male,China,false,bankcard,"€7776,82"
875,Wrennie,Newnham,wnewnhamoa@army.mil,Agender,Paraguay,true,jcb,"€3883,60"
876,Trula,Godfray,tgodfrayob@shutterfly.com,Female,Philippines,true,mastercard,"€3044,82"
877,Devonne,Salatino,dsalatinooc@harvard.edu,Female,Indonesia,true,jcb,"€6112,38"
878,Yanaton,Jacobsen,yjacobsenod@icq.com,Male,China,false,jcb,"€7942,54"
879,Gayel,Vannuchi,gvannuchioe@studiopress.com,Female,Brazil,false,china-unionpay,"€3595,35"
880,Goldy,Towndrow,gtowndrowof@qq.com,Female,Kyrgyzstan,true,jcb,"€4376,14"
881,Gizela,Woollam,gwoollamog@howstuffworks.com,Female,Sweden,false,jcb,"€4419,97"
882,Kimball,Daveran,kdaveranoh@purevolume.com,Male,Serbia,true,jcb,"€7805,13"
883,Alvera,McNelis,amcnelisoi@nbcnews.com,Female,Portugal,true,jcb,"€5832,66"
884,Brad,Diprose,bdiproseoj@examiner.com,Male,Brazil,false,jcb,"€5977,79"
885,Carter,Pinnegar,cpinnegarok@macromedia.com,Male,Russia,false,solo,"€7986,08"
886,Alyda,Baert,abaertol@berkeley.edu,Female,Nigeria,true,jcb,"€5386,10"
887,Ardis,Huckin,ahuckinom@goo.gl,Female,Indonesia,true,mastercard,"€5177,84"
888,Dela,Jerdan,djerdanon@ocn.ne.jp,Bigender,Portugal,true,china-unionpay,"€4729,39"
889,Natividad,Currie,ncurrieoo@tmall.com,Female,Yemen,false,mastercard,"€9365,85"
890,Orelee,Fishly,ofishlyop@vk.com,Female,Mexico,true,mastercard,"€4788,17"
891,Monah,Frangleton,mfrangletonoq@microsoft.com,Female,Thailand,true,laser,"€2953,30"
892,Micah,Blumfield,mblumfieldor@behance.net,Male,China,true,mastercard,"€9320,03"
893,Powell,Toope,ptoopeos@shutterfly.com,Male,Afghanistan,false,maestro,"€7963,22"
894,Louie,Mowsdill,lmowsdillot@infoseek.co.jp,Male,Indonesia,true,maestro,"€6354,79"
895,Tannie,Schade,tschadeou@linkedin.com,Male,Russia,false,jcb,"€3578,68"
896,Codie,Veck,cveckov@usgs.gov,Male,Iran,false,americanexpress,"€6737,85"
897,Janine,Villar,jvillarow@diigo.com,Female,Colombia,false,china-unionpay,"€4999,13"
898,Mariska,Preshous,mpreshousox@imageshack.us,Female,Central African Republic,false,diners-club-enroute,"€7960,01"
899,Sibley,Lowther,slowtheroy@gov.uk,Female,Kyrgyzstan,false,jcb,"€2809,43"
900,Vittorio,Cranefield,vcranefieldoz@elpais.com,Male,Indonesia,true,jcb,"€9312,51"
901,Herbert,Girault,hgiraultp0@mysql.com,Male,France,true,bankcard,"€5194,00"
902,Ange,Satchell,asatchellp1@angelfire.com,Female,France,false,diners-club-carte-blanche,"€4186,10"
903,Morris,Sevitt,msevittp2@google.co.jp,Bigender,Colombia,true,visa,"€2827,45"
904,Kathlin,Darinton,kdarintonp3@e-recht24.de,Female,France,false,jcb,"€6796,60"
905,Danny,Brennen,dbrennenp4@psu.edu,Male,Malta,true,jcb,"€9038,30"
906,Bethany,Stammirs,bstammirsp5@marketwatch.com,Female,China,true,jcb,"€5336,77"
907,Debbi,Mathew,dmathewp6@networksolutions.com,Female,Italy,false,bankcard,"€9849,09"
908,Bone,Laxson,blaxsonp7@altervista.org,Male,China,true,switch,"€7983,34"
909,Giustina,Whannel,gwhannelp8@ox.ac.uk,Female,Sweden,true,jcb,"€5394,61"
910,Pollyanna,Arrow,parrowp9@howstuffworks.com,Female,Russia,true,mastercard,"€4333,17"
911,Illa,Reynold,ireynoldpa@nhs.uk,Female,Greece,true,jcb,"€5582,25"
912,Laurie,Harbour,lharbourpb@slate.com,Male,Greece,true,maestro,"€9087,87"
913,Madeleine,Dungey,mdungeypc@senate.gov,Female,Portugal,false,visa,"€6726,90"
914,Ofelia,Schlagman,oschlagmanpd@ft.com,Polygender,United Kingdom,true,switch,"€2735,10"
915,Eduino,Hargate,ehargatepe@dailymotion.com,Polygender,Brazil,true,jcb,"€5692,03"
916,Evelin,Fraulo,efraulopf@php.net,Male,Poland,false,jcb,"€6443,47"
917,Chad,Jarritt,cjarrittpg@toplist.cz,Male,Palestinian Territory,true,switch,"€5787,14"
918,Far,Antushev,fantushevph@unblog.fr,Male,Indonesia,false,mastercard,"€6897,90"
919,Wadsworth,Yantsev,wyantsevpi@accuweather.com,Male,China,false,jcb,"€3571,84"
920,Tamera,Evason,tevasonpj@miitbeian.gov.cn,Female,China,false,jcb,"€5752,19"
921,Carlyn,Houselee,chouseleepk@bizjournals.com,Female,Croatia,true,switch,"€7193,45"
922,Abbi,Lansly,alanslypl@qq.com,Female,France,false,china-unionpay,"€8176,92"
923,Kiri,Storck,kstorckpm@typepad.com,Female,Chile,true,jcb,"€2610,61"
924,Gaye,Hullock,ghullockpn@shinystat.com,Female,China,false,bankcard,"€4695,20"
925,Lynsey,Arne,larnepo@google.de,Bigender,China,true,mastercard,"€9512,10"
926,Xerxes,McClancy,xmcclancypp@arizona.edu,Male,China,false,jcb,"€4511,60"
927,Pat,Cuttle,pcuttlepq@ft.com,Female,Poland,false,jcb,"€3881,90"
928,Inge,Cannavan,icannavanpr@europa.eu,Female,Russia,true,mastercard,"€9351,74"
929,Clifford,Rannie,crannieps@surveymonkey.com,Male,China,true,jcb,"€6989,49"
930,Adolph,Paulazzi,apaulazzipt@simplemachines.org,Non-binary,Japan,false,diners-club-enroute,"€5141,25"
931,Robb,Zimmermanns,rzimmermannspu@csmonitor.com,Male,Peru,true,switch,"€4696,24"
932,Peadar,Rehme,prehmepv@jalbum.net,Male,Canada,true,jcb,"€6556,77"
933,Lindsay,McCromley,lmccromleypw@mtv.com,Female,China,true,mastercard,"€5698,49"
934,Geoffrey,Silwood,gsilwoodpx@freewebs.com,Male,Syria,false,jcb,"€2514,81"
935,Washington,Jandak,wjandakpy@paginegialle.it,Male,China,false,jcb,"€4039,65"
936,Tiphani,Lafaye,tlafayepz@cdbaby.com,Female,Czech Republic,false,visa-electron,"€3801,79"
937,Philippe,Lawford,plawfordq0@state.tx.us,Female,China,true,switch,"€4074,26"
938,Kiley,Laird-Craig,klairdcraigq1@cloudflare.com,Bigender,Poland,false,jcb,"€6596,40"
939,Gretta,Dagworthy,gdagworthyq2@aboutads.info,Female,Ivory Coast,false,visa-electron,"€7021,37"
940,Benedikta,Garman,bgarmanq3@boston.com,Female,Canada,false,laser,"€8635,33"
941,Shaine,Kobiera,skobieraq4@prweb.com,Female,China,true,diners-club-us-ca,"€9173,96"
942,Katerina,Pyford,kpyfordq5@aboutads.info,Female,Nicaragua,true,mastercard,"€4801,20"
943,Leonerd,Blind,lblindq6@vistaprint.com,Male,China,false,maestro,"€3683,88"
944,Alister,Girardot,agirardotq7@addtoany.com,Male,China,true,jcb,"€8057,33"
945,Callie,Bruckenthal,cbruckenthalq8@deliciousdays.com,Female,Philippines,false,jcb,"€9736,57"
946,Laverne,Shelper,lshelperq9@ocn.ne.jp,Female,Czech Republic,true,bankcard,"€5845,97"
947,Leonora,Trewhella,ltrewhellaqa@github.com,Female,China,true,diners-club-international,"€6171,56"
948,Danyelle,Antyukhin,dantyukhinqb@discovery.com,Female,Japan,true,jcb,"€5613,32"
949,Jaimie,Kemson,jkemsonqc@google.it,Female,Indonesia,true,mastercard,"€9880,16"
950,Fallon,Findon,ffindonqd@simplemachines.org,Female,Ireland,true,visa-electron,"€4565,86"
951,Teriann,Feighry,tfeighryqe@rambler.ru,Female,China,true,jcb,"€8087,67"
952,Correy,Mordey,cmordeyqf@nih.gov,Male,China,true,laser,"€3861,06"
953,Darcee,Robeiro,drobeiroqg@slashdot.org,Female,China,false,jcb,"€7772,77"
954,Felicio,Cockling,fcocklingqh@netvibes.com,Male,Indonesia,false,diners-club-enroute,"€6715,68"
955,Shawnee,Lynd,slyndqi@si.edu,Female,Ukraine,false,switch,"€7149,76"
956,Manya,Giddins,mgiddinsqj@creativecommons.org,Female,Nigeria,false,jcb,"€8353,21"
957,Caryl,Osmint,cosmintqk@flickr.com,Bigender,Portugal,false,laser,"€6977,57"
958,Giorgio,Heinecke,gheineckeql@imageshack.us,Male,Brazil,true,china-unionpay,"€6558,93"
959,Glynn,Wolton,gwoltonqm@patch.com,Male,Ivory Coast,false,diners-club-enroute,"€9626,91"
960,Fax,Clouter,fclouterqn@umn.edu,Male,Brazil,false,jcb,"€6452,97"
961,Elinor,Bickardike,ebickardikeqo@hc360.com,Female,Greece,false,jcb,"€8775,47"
962,Pen,Covert,pcovertqp@howstuffworks.com,Male,Indonesia,true,laser,"€9078,13"
963,Alys,Fergusson,afergussonqq@ihg.com,Female,Canada,false,maestro,"€7109,30"
964,Ava,Lakin,alakinqr@ucsd.edu,Female,Sweden,true,china-unionpay,"€8630,69"
965,Alonso,Turnock,aturnockqs@amazon.de,Genderqueer,Reunion,true,maestro,"€7389,43"
966,Noel,Hunnable,nhunnableqt@taobao.com,Male,Indonesia,true,diners-club-carte-blanche,"€8035,05"
967,Gerri,Karus,gkarusqu@networksolutions.com,Female,Colombia,true,jcb,"€8491,72"
968,Shawn,Hritzko,shritzkoqv@redcross.org,Female,China,true,bankcard,"€2873,50"
969,Ignace,Perrycost,iperrycostqw@independent.co.uk,Male,Indonesia,false,visa-electron,"€9388,89"
970,Mercy,Aplin,maplinqx@loc.gov,Female,Armenia,false,switch,"€6342,98"
971,Arlette,Waghorn,awaghornqy@multiply.com,Female,Gambia,true,diners-club-carte-blanche,"€6011,55"
972,Marget,McGarva,mmcgarvaqz@yahoo.com,Female,Albania,true,jcb,"€5980,56"
973,Rickie,Eplate,replater0@buzzfeed.com,Male,Croatia,false,jcb,"€4148,98"
974,Xylia,Cockburn,xcockburnr1@cyberchimps.com,Bigender,Mexico,true,jcb,"€7652,83"
975,Kaylil,Pimmocke,kpimmocker2@uol.com.br,Female,Philippines,false,solo,"€2298,31"
976,Uri,Christian,uchristianr3@1688.com,Male,China,true,mastercard,"€8003,89"
977,Alphard,Shemming,ashemmingr4@xinhuanet.com,Male,Syria,false,switch,"€6828,38"
978,Domeniga,Worsham,dworshamr5@mozilla.com,Female,China,true,jcb,"€2178,47"
979,Humfried,Conner,hconnerr6@lycos.com,Male,Portugal,false,mastercard,"€3306,95"
980,Ileana,Kelston,ikelstonr7@furl.net,Female,Argentina,false,visa-electron,"€2827,09"
981,Cletus,Cranmere,ccranmerer8@google.co.jp,Male,France,true,switch,"€2158,03"
982,Horton,Marfe,hmarfer9@myspace.com,Male,Greece,false,jcb,"€4867,57"
983,Ami,Adamo,aadamora@artisteer.com,Female,Oman,true,diners-club-enroute,"€4254,27"
984,Shirleen,Heakey,sheakeyrb@purevolume.com,Female,Russia,false,jcb,"€4142,66"
985,Nicolas,Dring,ndringrc@amazon.com,Male,Russia,false,jcb,"€6267,67"
986,Laverna,Sexstone,lsexstonerd@hc360.com,Female,Ecuador,false,jcb,"€9564,68"
987,Hurleigh,Treppas,htreppasre@is.gd,Genderfluid,Greece,false,solo,"€3266,80"
988,Randa,Greetham,rgreethamrf@addthis.com,Female,China,true,maestro,"€4015,23"
989,Emerson,Bools,eboolsrg@reverbnation.com,Male,United States,true,jcb,"€4469,76"
990,Way,Rioch,wriochrh@tuttocitta.it,Male,Chile,true,jcb,"€7586,29"
991,Barnebas,McCrum,bmccrumri@ehow.com,Male,Ecuador,false,switch,"€7058,47"
992,Belva,Huggill,bhuggillrj@youtu.be,Female,China,false,jcb,"€8652,34"
993,Franny,Cotty,fcottyrk@weather.com,Male,Brazil,false,americanexpress,"€8473,73"
994,Freda,Hawkings,fhawkingsrl@chron.com,Female,Indonesia,false,jcb,"€5805,01"
995,Chalmers,Flott,cflottrm@fotki.com,Male,China,false,jcb,"€3962,98"
996,Kelcy,Shutle,kshutlern@telegraph.co.uk,Female,Switzerland,true,laser,"€2438,65"
997,Mozelle,Loseby,mlosebyro@github.io,Female,Brazil,true,visa,"€9910,70"
998,Ken,Dionisetti,kdionisettirp@php.net,Male,Indonesia,true,jcb,"€2130,17"
999,Linnet,Penson,lpensonrq@nasa.gov,Bigender,Benin,false,diners-club-enroute,"€2277,97"
1000,Rosalinda,Amsberger,ramsbergerrr@ebay.co.uk,Female,China,false,bankcard,"€3075,63"
